TransactionID,CustomerID,CustomerName,TransactionType,Amount,Currency,Channel,Date,Status
TXN000001,CUST138,Customer_117,Bill Payment,280.95,NGN,Mobile App,2026-02-23 10:00:00,Successful
TXN000002,CUST128,Customer_129,Withdrawal,446.44,NGN,Mobile App,2026-01-16 16:00:00,Pending
TXN000003,CUST114,Customer_114,Deposit,1191.14,NGN,Mobile App,2026-01-18 02:00:00,Successful
TXN000004,CUST142,Customer_126,Withdrawal,281.92,NGN,POS Terminal,2026-03-31 15:00:00,Successful
TXN000005,CUST107,Customer_133,Transfer,1377.04,NGN,POS Terminal,2026-01-06 11:00:00,Successful
TXN000006,CUST120,Customer_137,Deposit,639.67,NGN,Web Portal,2026-06-24 14:00:00,Successful
TXN000007,CUST138,Customer_132,Bill Payment,135.12,EUR,Web Portal,2026-02-17 09:00:00,Failed
TXN000008,CUST118,Customer_123,Transfer,1224.54,NGN,Mobile App,2026-03-17 12:00:00,Successful
TXN000009,CUST122,Customer_114,Transfer,563.4,NGN,USSD,2026-05-12 06:00:00,Pending
TXN000010,CUST110,Customer_129,Bill Payment,792.12,NGN,Web Portal,2026-05-10 14:00:00,Successful
TXN000011,CUST110,Customer_141,Deposit,172.89,NGN,Web Portal,2026-03-13 06:00:00,Successful
TXN000012,CUST123,Customer_116,Deposit,8.86,NGN,POS Terminal,2026-04-21 22:00:00,Successful
TXN000013,CUST135,Customer_104,Transfer,958.79,NGN,USSD,2026-06-23 07:00:00,Pending
TXN000014,CUST139,Customer_128,Deposit,775.19,NGN,Mobile App,2026-05-04 11:00:00,Successful
TXN000015,CUST123,Customer_103,Withdrawal,892.34,NGN,Web Portal,2026-05-21 10:00:00,Pending
TXN000016,CUST102,Customer_109,Bill Payment,1191.65,USD,USSD,2026-01-17 16:00:00,Successful
TXN000017,CUST121,Customer_116,Withdrawal,971.68,NGN,USSD,2026-04-30 03:00:00,Pending
TXN000018,CUST101,Customer_109,Deposit,266.29,USD,Mobile App,2026-01-08 04:00:00,Successful
TXN000019,CUST123,Customer_116,Transfer,544.35,NGN,USSD,2026-03-31 15:00:00,Successful
TXN000020,CUST143,Customer_119,Bill Payment,1359.31,NGN,USSD,2026-02-05 21:00:00,Successful
TXN000021,CUST129,Customer_123,Deposit,1156.07,NGN,USSD,2026-04-03 14:00:00,Successful
TXN000022,CUST137,Customer_104,Deposit,837.17,NGN,Web Portal,2026-03-17 04:00:00,Successful
TXN000023,CUST101,Customer_133,Transfer,387.19,EUR,Mobile App,2026-06-07 22:00:00,Failed
TXN000024,,Customer_105,Transfer,456.58,NGN,USSD,2026-05-24 13:00:00,Successful
TXN000025,CUST132,Customer_101,Withdrawal,1099.28,EUR,USSD,2026-03-12 12:00:00,Successful
TXN000026,CUST111,Customer_112,Bill Payment,1277.51,NGN,Web Portal,2026-06-29 04:00:00,Failed
TXN000027,CUST121,Customer_142,Bill Payment,1008.78,NGN,Mobile App,2026-01-29 02:00:00,Failed
TXN000028,CUST143,Customer_142,Transfer,1215.25,NGN,POS Terminal,2026-05-23 03:00:00,Successful
TXN000029,CUST124,Customer_147,Withdrawal,1151.15,NGN,Web Portal,2026-06-24 13:00:00,Pending
TXN000030,CUST148,Customer_110,Bill Payment,228.81,EUR,Mobile App,2026-06-29 18:00:00,Pending
TXN000031,CUST126,Customer_146,Transfer,638.8,NGN,USSD,2026-04-16 20:00:00,Failed
TXN000032,CUST141,Customer_122,Deposit,233.71,NGN,Mobile App,2026-03-05 04:00:00,Successful
TXN000033,CUST127,Customer_115,Bill Payment,356.68,NGN,Mobile App,2026-01-27 22:00:00,Pending
TXN000034,CUST115,Customer_130,Withdrawal,1304.54,NGN,Mobile App,2026-01-29 19:00:00,Successful
TXN000035,CUST114,Customer_110,Withdrawal,711.97,NGN,POS Terminal,2026-01-25 05:00:00,Successful
TXN000036,CUST146,Customer_115,Withdrawal,805.36,NGN,Mobile App,2026-03-04 03:00:00,Failed
TXN000037,CUST143,Customer_107,Deposit,271.78,USD,POS Terminal,2026-05-10 21:00:00,Failed
TXN000038,CUST102,Customer_103,Bill Payment,471.85,NGN,USSD,2026-01-16 17:00:00,Successful
TXN000039,CUST136,Customer_139,Bill Payment,349.22,NGN,POS Terminal,2026-04-10 12:00:00,Pending
TXN000040,CUST106,Customer_103,Deposit,313.25,NGN,USSD,2026-01-19 22:00:00,Pending
TXN000041,CUST120,Customer_124,Bill Payment,958.75,NGN,USSD,2026-02-03 12:00:00,Pending
TXN000042,CUST108,Customer_102,Deposit,389.04,EUR,POS Terminal,2026-06-20 21:00:00,Successful
TXN000043,CUST138,Customer_131,Deposit,949.86,NGN,Web Portal,2026-04-10 21:00:00,Successful
TXN000044,CUST117,Customer_102,Deposit,92.39,NGN,ATM,2026-06-29 19:00:00,Failed
TXN000045,CUST103,Customer_126,Withdrawal,216.95,NGN,Mobile App,2026-04-21 03:00:00,Pending
TXN000046,CUST124,Customer_128,Bill Payment,415.44,NGN,ATM,2026-03-14 06:00:00,Successful
TXN000047,CUST113,Customer_131,Deposit,897.59,NGN,Mobile App,2026-05-27 05:00:00,Pending
TXN000048,CUST149,Customer_149,Bill Payment,1015.38,EUR,Mobile App,2026-03-11 19:00:00,Successful
TXN000049,CUST108,Customer_118,Withdrawal,666.86,NGN,USSD,2026-03-20 19:00:00,Successful
TXN000050,CUST125,Customer_120,Deposit,671.46,EUR,Mobile App,2026-01-09 03:00:00,Failed
TXN000051,CUST101,Customer_104,Transfer,1088.15,NGN,Mobile App,2026-02-19 17:00:00,Successful
TXN000052,CUST119,Customer_117,Withdrawal,28.65,NGN,POS Terminal,2026-01-05 19:00:00,Failed
TXN000053,CUST127,Customer_127,Transfer,514.93,NGN,ATM,2026-03-28 10:00:00,Pending
TXN000054,CUST146,Customer_141,Bill Payment,1228.97,NGN,POS Terminal,2026-06-14 21:00:00,Successful
TXN000055,CUST106,Customer_121,Bill Payment,906.81,USD,Mobile App,2026-03-09 11:00:00,Failed
TXN000056,CUST143,Customer_120,Withdrawal,509.15,NGN,USSD,2026-02-03 12:00:00,Successful
TXN000057,CUST107,Customer_105,Bill Payment,1358.76,USD,POS Terminal,2026-02-11 08:00:00,Failed
TXN000058,CUST146,Customer_100,Transfer,1160.07,NGN,POS Terminal,2026-04-16 06:00:00,Successful
TXN000059,CUST134,Customer_104,Deposit,401.02,NGN,Web Portal,2026-03-09 18:00:00,Pending
TXN000060,CUST113,Customer_140,Deposit,969.71,NGN,Mobile App,2026-06-08 02:00:00,Pending
TXN000061,CUST116,Customer_111,Deposit,,NGN,USSD,2026-03-26 18:00:00,Pending
TXN000062,CUST135,Customer_125,Withdrawal,604.78,NGN,POS Terminal,2026-04-05 20:00:00,Pending
TXN000063,CUST149,Customer_145,Bill Payment,553.6,USD,POS Terminal,2026-02-01 01:00:00,Pending
TXN000064,CUST139,Customer_133,Transfer,518.62,NGN,USSD,2026-04-26 09:00:00,Pending
TXN000065,CUST103,Customer_148,Bill Payment,927.65,NGN,Mobile App,2026-05-10 01:00:00,Successful
TXN000066,CUST101,Customer_113,Bill Payment,666.4,NGN,Web Portal,2026-03-01 23:00:00,Successful
TXN000067,CUST105,Customer_125,Bill Payment,1248.64,EUR,POS Terminal,2026-01-17 15:00:00,Pending
TXN000068,CUST141,Customer_144,Deposit,1006.06,NGN,Web Portal,2026-01-16 13:00:00,Successful
TXN000069,CUST103,Customer_126,Transfer,109.55,USD,ATM,2026-06-16 20:00:00,Pending
TXN000070,CUST128,Customer_108,Transfer,962.05,NGN,Mobile App,2026-06-08 10:00:00,Failed
TXN000071,CUST117,Customer_125,Bill Payment,410.37,NGN,ATM,2026-03-29 00:00:00,Pending
TXN000072,CUST125,Customer_146,Deposit,891.25,NGN,ATM,2026-05-19 22:00:00,Successful
TXN000073,CUST143,Customer_121,Deposit,1021.8,NGN,ATM,2026-03-26 03:00:00,Successful
TXN000074,CUST133,Customer_146,Transfer,350.09,NGN,Mobile App,2026-03-12 14:00:00,Failed
TXN000075,CUST109,Customer_129,Deposit,688.0,NGN,Mobile App,2026-02-19 11:00:00,Failed
TXN000076,CUST135,Customer_142,Deposit,289.54,NGN,USSD,2026-04-05 16:00:00,Successful
TXN000077,CUST113,Customer_147,Deposit,83.25,NGN,Web Portal,2026-04-02 00:00:00,Pending
TXN000078,CUST130,Customer_116,Withdrawal,570.82,NGN,Web Portal,2026-02-16 20:00:00,Successful
TXN000079,CUST147,Customer_125,Bill Payment,547.6,USD,USSD,2026-04-16 06:00:00,Failed
TXN000080,CUST114,Customer_135,Transfer,1493.24,NGN,USSD,2026-05-10 09:00:00,Successful
TXN000081,CUST107,Customer_100,Transfer,672.3,EUR,ATM,2026-01-24 03:00:00,Failed
TXN000082,CUST113,Customer_107,Withdrawal,503.69,NGN,USSD,2026-04-18 18:00:00,Pending
TXN000083,CUST122,Customer_148,Bill Payment,872.81,NGN,POS Terminal,2026-06-03 10:00:00,Failed
TXN000084,CUST139,Customer_134,Transfer,137.71,NGN,Web Portal,2026-02-09 17:00:00,Failed
TXN000085,CUST120,Customer_114,Deposit,1442.69,NGN,USSD,2026-06-20 10:00:00,Successful
TXN000086,CUST115,Customer_146,Transfer,954.27,NGN,POS Terminal,2026-01-12 02:00:00,Pending
TXN000087,CUST144,Customer_121,Deposit,1133.48,NGN,POS Terminal,2026-01-27 16:00:00,Successful
TXN000088,CUST117,Customer_113,Withdrawal,259.86,NGN,POS Terminal,2026-02-18 15:00:00,Successful
TXN000089,CUST146,Customer_125,Deposit,617.17,NGN,POS Terminal,2026-05-10 21:00:00,Pending
TXN000090,CUST123,Customer_127,Transfer,636.92,NGN,ATM,2026-01-30 19:00:00,Successful
TXN000091,CUST125,Customer_122,Transfer,1233.6,NGN,POS Terminal,2026-06-15 09:00:00,Pending
TXN000092,CUST124,Customer_113,Transfer,6.85,NGN,ATM,2026-02-11 07:00:00,Successful
TXN000093,CUST144,Customer_123,Withdrawal,454.78,NGN,ATM,2026-03-18 23:00:00,Successful
TXN000094,CUST140,Customer_101,Withdrawal,1471.95,EUR,POS Terminal,2026-04-15 21:00:00,Successful
TXN000095,CUST128,Customer_144,Bill Payment,714.96,EUR,Web Portal,2026-02-11 14:00:00,Failed
TXN000096,CUST114,Customer_125,Transfer,576.88,NGN,POS Terminal,2026-06-14 21:00:00,Pending
TXN000097,CUST144,Customer_113,Deposit,184.14,NGN,POS Terminal,2026-01-22 19:00:00,Successful
TXN000098,CUST100,Customer_106,Withdrawal,1461.38,NGN,POS Terminal,2026-04-17 08:00:00,Successful
TXN000099,CUST124,Customer_102,Transfer,34.94,NGN,Web Portal,2026-03-21 01:00:00,Pending
TXN000100,CUST106,Customer_146,Transfer,1107.08,NGN,Mobile App,2026-06-09 01:00:00,Successful
TXN000101,CUST108,Customer_122,Withdrawal,1154.06,NGN,Mobile App,2026-01-12 07:00:00,Successful
TXN000102,CUST123,Customer_145,Bill Payment,369.27,NGN,ATM,2026-03-14 11:00:00,Successful
TXN000103,CUST100,Customer_142,Withdrawal,1008.98,NGN,ATM,2026-03-31 08:00:00,Successful
TXN000104,CUST143,Customer_146,Withdrawal,143.93,NGN,Web Portal,2026-01-10 01:00:00,Pending
TXN000105,CUST107,Customer_144,Deposit,389.29,NGN,USSD,2026-06-25 19:00:00,Pending
TXN000106,CUST123,Customer_117,Deposit,1182.91,EUR,Mobile App,2026-02-08 01:00:00,Successful
TXN000107,CUST110,Customer_137,Bill Payment,1297.71,NGN,ATM,2026-03-06 18:00:00,Successful
TXN000108,CUST116,Customer_134,Transfer,914.69,NGN,Mobile App,2026-05-04 03:00:00,Successful
TXN000109,CUST107,Customer_114,Withdrawal,762.72,USD,Web Portal,2026-06-01 21:00:00,Failed
TXN000110,CUST134,Customer_124,Bill Payment,243.16,NGN,Web Portal,2026-06-04 01:00:00,Failed
TXN000111,CUST134,Customer_136,Deposit,99.35,NGN,USSD,2026-06-08 13:00:00,Successful
TXN000112,CUST132,Customer_127,Withdrawal,180.89,NGN,USSD,2026-01-29 14:00:00,Failed
TXN000113,CUST104,Customer_109,Transfer,344.9,NGN,Web Portal,2026-01-12 04:00:00,Successful
TXN000114,CUST141,Customer_138,Deposit,515.8,USD,ATM,2026-06-05 19:00:00,Failed
TXN000115,CUST138,Customer_116,Deposit,574.46,NGN,Mobile App,2026-05-05 06:00:00,Successful
TXN000116,CUST140,Customer_138,Deposit,522.75,EUR,POS Terminal,2026-01-24 20:00:00,Failed
TXN000117,CUST127,Customer_121,Bill Payment,362.39,NGN,USSD,2026-05-18 13:00:00,Pending
TXN000118,CUST106,Customer_125,Transfer,767.04,NGN,POS Terminal,2026-03-19 04:00:00,Successful
TXN000119,CUST108,Customer_143,Withdrawal,1238.8,NGN,ATM,2026-05-26 23:00:00,Successful
TXN000120,CUST107,Customer_124,Bill Payment,423.16,NGN,USSD,2026-05-22 01:00:00,Pending
TXN000121,CUST111,Customer_116,Bill Payment,1413.87,NGN,POS Terminal,2026-05-08 11:00:00,Pending
TXN000122,CUST133,Customer_112,Bill Payment,1310.64,NGN,ATM,2026-05-30 23:00:00,Successful
TXN000123,CUST132,Customer_119,Deposit,246.84,NGN,Mobile App,2026-02-05 12:00:00,Successful
TXN000124,CUST147,Customer_124,Transfer,1180.48,NGN,ATM,2026-06-13 21:00:00,Successful
TXN000125,CUST122,Customer_103,Bill Payment,864.01,EUR,USSD,2026-05-07 15:00:00,Successful
TXN000126,CUST123,Customer_109,Withdrawal,852.03,NGN,Web Portal,2026-04-10 23:00:00,Successful
TXN000127,CUST136,Customer_102,Transfer,589.61,NGN,Mobile App,2026-04-06 00:00:00,Successful
TXN000128,CUST134,Customer_140,Withdrawal,754.22,NGN,POS Terminal,2026-06-22 03:00:00,Failed
TXN000129,CUST143,Customer_144,Transfer,598.78,EUR,USSD,2026-05-28 17:00:00,Pending
TXN000130,CUST139,Customer_117,Withdrawal,811.9,NGN,Web Portal,2026-02-07 02:00:00,Successful
TXN000131,CUST121,Customer_146,Deposit,943.79,USD,ATM,2026-05-31 12:00:00,Pending
TXN000132,CUST126,Customer_135,Bill Payment,1013.08,NGN,Web Portal,2026-05-03 15:00:00,Successful
TXN000133,CUST134,Customer_146,Withdrawal,801.06,NGN,USSD,2026-05-29 07:00:00,Failed
TXN000134,CUST100,Customer_121,Transfer,1083.53,NGN,USSD,2026-05-20 15:00:00,Successful
TXN000135,CUST134,Customer_133,Bill Payment,216.21,USD,Web Portal,CORRUPT_TIMESTAMP_DATA,Failed
TXN000136,CUST136,Customer_146,Bill Payment,321.91,NGN,ATM,2026-03-28 13:00:00,Failed
TXN000137,CUST146,Customer_107,Transfer,1229.01,NGN,Web Portal,2026-03-02 06:00:00,Pending
TXN000138,CUST113,Customer_139,Withdrawal,487.18,NGN,USSD,2026-02-15 14:00:00,Successful
TXN000139,CUST102,Customer_148,Deposit,39.23,NGN,USSD,2026-02-13 16:00:00,Successful
TXN000140,CUST100,Customer_143,Deposit,234.92,EUR,POS Terminal,2026-06-18 21:00:00,Successful
TXN000141,CUST104,Customer_118,Withdrawal,339.3,NGN,POS Terminal,2026-02-13 01:00:00,Successful
TXN000142,CUST125,Customer_141,Bill Payment,1436.2,EUR,Mobile App,2026-01-05 12:00:00,Successful
TXN000143,CUST113,Customer_140,Bill Payment,861.7,NGN,USSD,2026-01-27 19:00:00,Successful
TXN000144,CUST138,Customer_136,Bill Payment,1399.43,NGN,POS Terminal,2026-03-28 07:00:00,Successful
TXN000145,CUST126,Customer_105,Bill Payment,,NGN,Web Portal,2026-05-03 13:00:00,Successful
TXN000146,CUST108,Customer_125,Withdrawal,721.63,NGN,ATM,2026-03-20 10:00:00,Successful
TXN000147,CUST114,Customer_133,Bill Payment,474.02,NGN,Web Portal,2026-04-07 20:00:00,Successful
TXN000148,CUST114,Customer_144,Transfer,911.52,NGN,ATM,2026-01-31 02:00:00,Successful
TXN000149,CUST125,Customer_105,Bill Payment,213.1,NGN,POS Terminal,2026-01-17 18:00:00,Failed
TXN000150,CUST141,Customer_136,Deposit,1347.9,EUR,Mobile App,2026-04-20 21:00:00,Successful
TXN000151,CUST112,Customer_132,Bill Payment,1244.85,USD,Web Portal,2026-02-01 07:00:00,Successful
TXN000152,CUST131,Customer_121,Withdrawal,479.71,USD,Web Portal,2026-05-21 19:00:00,Successful
TXN000153,CUST138,Customer_120,Deposit,1429.43,USD,Web Portal,2026-02-04 04:00:00,Failed
TXN000154,CUST148,Customer_105,Withdrawal,1238.68,NGN,ATM,2026-01-29 05:00:00,Successful
TXN000155,CUST131,Customer_105,Withdrawal,1001.13,NGN,POS Terminal,2026-06-02 21:00:00,Successful
TXN000156,CUST103,Customer_147,Deposit,187.03,NGN,Web Portal,2026-06-22 04:00:00,Successful
TXN000157,CUST129,Customer_103,Withdrawal,719.96,NGN,Web Portal,2026-03-30 07:00:00,Successful
TXN000158,CUST136,Customer_129,Withdrawal,761.63,NGN,Mobile App,2026-05-09 19:00:00,Successful
TXN000159,CUST122,Customer_110,Bill Payment,352.66,NGN,Mobile App,2026-06-21 22:00:00,Successful
TXN000160,CUST138,Customer_129,Transfer,124.55,NGN,POS Terminal,2026-04-06 10:00:00,Failed
TXN000161,CUST144,Customer_130,Withdrawal,1166.2,NGN,POS Terminal,2026-06-16 14:00:00,Successful
TXN000162,CUST114,Customer_123,Withdrawal,187.44,NGN,USSD,2026-02-23 23:00:00,Successful
TXN000163,CUST142,Customer_108,Withdrawal,893.46,NGN,Mobile App,2026-06-06 21:00:00,Pending
TXN000164,CUST128,Customer_102,Bill Payment,1404.99,NGN,USSD,2026-01-16 02:00:00,Successful
TXN000165,CUST135,Customer_130,Transfer,1314.78,NGN,ATM,2026-01-20 13:00:00,Failed
TXN000166,CUST112,Customer_139,Deposit,420.24,NGN,USSD,2026-05-07 20:00:00,Failed
TXN000167,CUST131,Customer_136,Bill Payment,1277.92,NGN,Web Portal,2026-04-21 00:00:00,Failed
TXN000168,CUST106,Customer_135,Bill Payment,5.5,USD,USSD,2026-03-22 01:00:00,Successful
TXN000169,CUST121,Customer_123,Transfer,31.44,NGN,POS Terminal,2026-06-06 19:00:00,Successful
TXN000170,CUST127,Customer_130,Transfer,905.82,NGN,ATM,2026-03-11 07:00:00,Successful
TXN000171,CUST101,Customer_105,Bill Payment,550.37,USD,Web Portal,2026-01-29 15:00:00,Successful
TXN000172,CUST141,Customer_101,Deposit,582.76,NGN,USSD,2026-06-28 00:00:00,Successful
TXN000173,CUST144,Customer_119,Bill Payment,848.84,NGN,ATM,2026-05-11 02:00:00,Failed
TXN000174,CUST105,Customer_127,Transfer,291.71,NGN,ATM,2026-04-18 11:00:00,Successful
TXN000175,CUST127,Customer_110,Deposit,321.57,NGN,Web Portal,2026-04-19 19:00:00,Failed
TXN000176,CUST127,Customer_103,Transfer,729.48,NGN,USSD,2026-03-14 06:00:00,Pending
TXN000177,CUST143,Customer_114,Deposit,1132.61,NGN,ATM,2026-01-04 18:00:00,Failed
TXN000178,CUST143,Customer_105,Withdrawal,931.15,USD,ATM,2026-01-19 05:00:00,Failed
TXN000179,CUST119,Customer_148,Transfer,449.55,NGN,Mobile App,2026-06-22 10:00:00,Successful
TXN000180,CUST129,Customer_129,Transfer,648.35,NGN,ATM,2026-05-21 12:00:00,Pending
TXN000181,CUST110,Customer_137,Bill Payment,260.14,NGN,Mobile App,2026-03-27 19:00:00,Failed
TXN000182,CUST127,Customer_101,Transfer,116.57,NGN,USSD,2026-04-21 20:00:00,Failed
TXN000183,CUST124,Customer_114,Transfer,1175.13,NGN,USSD,2026-04-19 21:00:00,Pending
TXN000184,CUST138,Customer_110,Withdrawal,401.75,NGN,USSD,2026-02-12 18:00:00,Pending
TXN000185,CUST132,Customer_107,Transfer,270.76,USD,POS Terminal,2026-02-11 15:00:00,Successful
TXN000186,CUST100,Customer_125,Withdrawal,1038.97,NGN,USSD,2026-04-25 22:00:00,Successful
TXN000187,CUST126,Customer_144,Withdrawal,928.99,NGN,ATM,2026-02-12 12:00:00,Pending
TXN000188,CUST112,Customer_143,Withdrawal,951.62,NGN,Web Portal,2026-06-05 08:00:00,Pending
TXN000189,CUST140,Customer_104,Withdrawal,347.2,NGN,Mobile App,2026-01-20 23:00:00,Successful
TXN000190,CUST102,Customer_105,Deposit,352.81,NGN,POS Terminal,2026-02-08 18:00:00,Pending
TXN000191,CUST138,Customer_125,Bill Payment,335.1,NGN,USSD,2026-01-12 14:00:00,Successful
TXN000192,CUST105,Customer_103,Deposit,264.76,NGN,USSD,2026-01-11 09:00:00,Failed
TXN000193,CUST107,Customer_118,Transfer,985.31,NGN,Web Portal,2026-06-04 10:00:00,Failed
TXN000194,CUST126,Customer_119,Deposit,1272.78,USD,Web Portal,2026-02-07 01:00:00,Failed
TXN000195,CUST108,Customer_132,Deposit,1087.85,NGN,POS Terminal,2026-06-20 18:00:00,Failed
TXN000196,CUST136,Customer_119,Transfer,1189.18,USD,Mobile App,2026-05-14 13:00:00,Successful
TXN000197,CUST132,Customer_148,Transfer,610.17,NGN,USSD,2026-04-26 05:00:00,Pending
TXN000198,CUST141,Customer_111,Transfer,982.84,NGN,POS Terminal,2026-04-23 09:00:00,Failed
TXN000199,CUST143,Customer_146,Deposit,534.58,NGN,ATM,2026-03-06 02:00:00,Successful
TXN000200,CUST123,Customer_100,Deposit,790.63,NGN,ATM,2026-03-13 19:00:00,Failed
TXN000201,CUST114,Customer_125,Transfer,725.04,NGN,POS Terminal,2026-04-28 14:00:00,Pending
TXN000202,CUST131,Customer_113,Bill Payment,269.45,NGN,USSD,2026-04-30 06:00:00,Failed
TXN000203,CUST131,Customer_137,Bill Payment,583.68,NGN,POS Terminal,2026-01-11 06:00:00,Successful
TXN000204,CUST123,Customer_136,Withdrawal,1445.91,NGN,USSD,2026-03-02 03:00:00,Successful
TXN000205,CUST140,Customer_110,Transfer,376.63,NGN,Web Portal,2026-06-02 11:00:00,Successful
TXN000206,CUST148,Customer_135,Withdrawal,205.04,EUR,POS Terminal,2026-06-03 05:00:00,Pending
TXN000207,CUST148,Customer_112,Bill Payment,630.78,NGN,USSD,2026-04-20 11:00:00,Successful
TXN000208,CUST111,Customer_142,Withdrawal,1186.55,NGN,POS Terminal,2026-06-20 18:00:00,Successful
TXN000209,CUST138,Customer_102,Transfer,875.31,NGN,POS Terminal,2026-04-27 04:00:00,Successful
TXN000210,CUST101,Customer_132,Transfer,1023.06,USD,USSD,2026-02-15 20:00:00,Pending
TXN000211,CUST102,Customer_105,Transfer,288.59,USD,USSD,2026-03-29 15:00:00,Pending
TXN000212,CUST148,Customer_149,Deposit,930.33,NGN,Mobile App,2026-05-01 12:00:00,Successful
TXN000213,CUST136,Customer_109,Withdrawal,488.63,NGN,POS Terminal,2026-03-30 21:00:00,Successful
TXN000214,CUST148,Customer_104,Bill Payment,1252.28,NGN,ATM,2026-02-23 19:00:00,Successful
TXN000215,CUST116,Customer_122,Bill Payment,945.8,NGN,POS Terminal,2026-04-28 03:00:00,Successful
TXN000216,CUST148,Customer_109,Bill Payment,302.29,NGN,POS Terminal,2026-03-16 16:00:00,Failed
TXN000217,CUST101,Customer_143,Deposit,101.6,NGN,USSD,2026-01-07 13:00:00,Successful
TXN000218,CUST101,Customer_101,Deposit,68.74,NGN,POS Terminal,2026-05-02 10:00:00,Pending
TXN000219,CUST127,Customer_112,Transfer,560.26,NGN,POS Terminal,2026-04-02 21:00:00,Successful
TXN000220,CUST122,Customer_139,Bill Payment,402.45,USD,ATM,2026-06-22 22:00:00,Failed
TXN000221,CUST136,Customer_101,Deposit,970.9,NGN,USSD,2026-01-28 10:00:00,Successful
TXN000222,CUST131,Customer_119,Transfer,751.5,NGN,POS Terminal,2026-04-21 21:00:00,Pending
TXN000223,CUST132,Customer_100,Bill Payment,402.7,NGN,Web Portal,2026-01-29 18:00:00,Pending
TXN000224,CUST100,Customer_136,Withdrawal,228.11,EUR,Mobile App,2026-04-07 03:00:00,Successful
TXN000225,CUST118,Customer_108,Transfer,195.16,NGN,ATM,2026-01-14 13:00:00,Successful
TXN000226,CUST101,Customer_116,Deposit,1297.67,EUR,POS Terminal,2026-02-04 16:00:00,Successful
TXN000227,CUST143,Customer_108,Deposit,369.0,USD,Web Portal,2026-06-07 19:00:00,Pending
TXN000228,CUST125,Customer_110,Transfer,979.31,NGN,POS Terminal,2026-04-03 12:00:00,Successful
TXN000229,CUST131,Customer_114,Transfer,1216.98,NGN,POS Terminal,2026-03-20 13:00:00,Successful
TXN000230,CUST105,Customer_123,Deposit,923.05,USD,USSD,2026-06-28 05:00:00,Failed
TXN000231,CUST131,Customer_137,Withdrawal,1290.05,NGN,USSD,2026-04-16 14:00:00,Pending
TXN000232,CUST103,Customer_134,Bill Payment,591.63,EUR,USSD,2026-03-05 21:00:00,Successful
TXN000233,CUST110,Customer_129,Withdrawal,1434.55,EUR,Web Portal,2026-06-15 22:00:00,Successful
TXN000234,CUST116,Customer_130,Transfer,204.05,NGN,POS Terminal,2026-01-07 21:00:00,Failed
TXN000235,CUST137,Customer_148,Withdrawal,157.71,NGN,Mobile App,2026-03-22 17:00:00,Successful
TXN000236,CUST123,Customer_104,Deposit,989.74,EUR,ATM,2026-06-18 09:00:00,Successful
TXN000237,CUST104,Customer_143,Transfer,1414.53,NGN,USSD,2026-05-18 06:00:00,Pending
TXN000238,CUST133,Customer_149,Bill Payment,1214.28,NGN,USSD,2026-05-05 17:00:00,Successful
TXN000239,CUST105,Customer_113,Deposit,119.24,NGN,POS Terminal,2026-02-21 00:00:00,Pending
TXN000240,CUST121,Customer_110,Deposit,422.65,NGN,POS Terminal,2026-01-01 11:00:00,Successful
TXN000241,CUST110,Customer_108,Bill Payment,1395.83,EUR,Web Portal,2026-06-11 03:00:00,Successful
TXN000242,CUST147,Customer_133,Bill Payment,383.32,USD,Web Portal,2026-05-25 03:00:00,Failed
TXN000243,CUST115,Customer_111,Withdrawal,1172.85,NGN,USSD,2026-06-20 21:00:00,Successful
TXN000244,CUST132,Customer_134,Transfer,1238.57,NGN,POS Terminal,2026-01-04 00:00:00,Failed
TXN000245,CUST108,Customer_134,Bill Payment,745.7,NGN,Mobile App,2026-03-12 17:00:00,Successful
TXN000246,CUST105,Customer_100,Bill Payment,582.59,USD,ATM,2026-02-04 07:00:00,Successful
TXN000247,CUST115,Customer_139,Transfer,677.94,NGN,POS Terminal,2026-06-01 18:00:00,Successful
TXN000248,,Customer_121,Bill Payment,344.31,NGN,POS Terminal,2026-02-05 17:00:00,Successful
TXN000249,CUST102,Customer_128,Bill Payment,,NGN,Web Portal,2026-05-03 10:00:00,Successful
TXN000250,,Customer_107,Withdrawal,678.68,NGN,ATM,CORRUPT_TIMESTAMP_DATA,Pending
TXN000251,CUST135,Customer_110,Deposit,1324.28,EUR,USSD,2026-05-01 17:00:00,Failed
TXN000252,CUST118,Customer_140,Deposit,163.01,NGN,POS Terminal,2026-06-05 15:00:00,Failed
TXN000253,CUST125,Customer_136,Deposit,1482.47,NGN,USSD,2026-04-09 14:00:00,Failed
TXN000254,CUST102,Customer_113,Deposit,667.69,NGN,POS Terminal,2026-01-31 03:00:00,Successful
TXN000255,CUST118,Customer_129,Bill Payment,76.51,EUR,USSD,2026-06-14 16:00:00,Failed
TXN000256,CUST119,Customer_134,Transfer,61.84,NGN,ATM,2026-02-08 15:00:00,Pending
TXN000257,CUST131,Customer_120,Transfer,1120.58,NGN,Web Portal,2026-06-23 15:00:00,Pending
TXN000258,CUST106,Customer_136,Withdrawal,990.26,NGN,ATM,2026-02-08 08:00:00,Successful
TXN000259,CUST140,Customer_104,Withdrawal,1204.19,USD,Mobile App,2026-05-12 21:00:00,Successful
TXN000260,CUST132,Customer_118,Bill Payment,162.52,NGN,Web Portal,CORRUPT_TIMESTAMP_DATA,Pending
TXN000261,CUST139,Customer_113,Transfer,58.18,NGN,ATM,2026-01-12 03:00:00,Successful
TXN000262,CUST138,Customer_125,Transfer,765.33,NGN,Mobile App,2026-01-18 20:00:00,Successful
TXN000263,CUST117,Customer_103,Deposit,584.45,NGN,POS Terminal,2026-01-01 22:00:00,Successful
TXN000264,CUST139,Customer_124,Bill Payment,695.61,NGN,POS Terminal,2026-03-31 12:00:00,Pending
TXN000265,CUST100,Customer_144,Bill Payment,1487.42,USD,USSD,2026-05-14 05:00:00,Successful
TXN000266,CUST110,Customer_141,Deposit,1456.27,NGN,Web Portal,2026-02-13 07:00:00,Successful
TXN000267,,Customer_124,Bill Payment,1413.76,NGN,POS Terminal,2026-06-01 21:00:00,Pending
TXN000268,CUST124,Customer_117,Bill Payment,1176.84,NGN,Web Portal,2026-01-19 04:00:00,Successful
TXN000269,CUST149,Customer_139,Withdrawal,535.49,NGN,POS Terminal,2026-05-26 04:00:00,Successful
TXN000270,CUST122,Customer_107,Transfer,621.14,NGN,USSD,2026-01-30 09:00:00,Successful
TXN000271,CUST130,Customer_138,Bill Payment,826.68,USD,ATM,2026-02-02 09:00:00,Successful
TXN000272,CUST129,Customer_139,Withdrawal,1246.65,NGN,USSD,2026-01-12 21:00:00,Pending
TXN000273,CUST141,Customer_113,Transfer,107.73,NGN,Mobile App,2026-04-04 06:00:00,Pending
TXN000274,CUST134,Customer_131,Deposit,639.32,NGN,POS Terminal,CORRUPT_TIMESTAMP_DATA,Failed
TXN000275,CUST106,Customer_137,Withdrawal,128.51,NGN,Mobile App,2026-05-29 11:00:00,Failed
TXN000276,CUST115,Customer_132,Withdrawal,774.41,NGN,Mobile App,2026-01-29 00:00:00,Failed
TXN000277,CUST125,Customer_122,Transfer,1348.86,NGN,Web Portal,2026-04-27 14:00:00,Pending
TXN000278,CUST147,Customer_114,Deposit,1174.81,EUR,POS Terminal,2026-01-02 19:00:00,Successful
TXN000279,CUST148,Customer_132,Withdrawal,345.62,NGN,Mobile App,2026-04-27 11:00:00,Pending
TXN000280,CUST101,Customer_124,Bill Payment,1464.11,NGN,ATM,2026-01-18 02:00:00,Successful
TXN000281,CUST100,Customer_116,Bill Payment,1002.69,EUR,Mobile App,2026-05-15 10:00:00,Pending
TXN000282,CUST147,Customer_132,Bill Payment,20.59,NGN,ATM,2026-06-15 04:00:00,Pending
TXN000283,CUST111,Customer_146,Deposit,386.84,NGN,Web Portal,2026-06-10 11:00:00,Successful
TXN000284,CUST104,Customer_101,Withdrawal,394.77,NGN,Mobile App,2026-04-05 10:00:00,Successful
TXN000285,CUST136,Customer_113,Bill Payment,108.54,NGN,USSD,2026-03-09 17:00:00,Successful
TXN000286,CUST131,Customer_139,Deposit,1439.94,NGN,Web Portal,2026-04-23 01:00:00,Pending
TXN000287,CUST108,Customer_139,Bill Payment,719.99,NGN,ATM,2026-04-03 23:00:00,Successful
TXN000288,CUST140,Customer_138,Transfer,1344.24,NGN,Web Portal,2026-01-22 01:00:00,Successful
TXN000289,CUST134,Customer_105,Withdrawal,486.71,USD,Mobile App,2026-06-21 05:00:00,Successful
TXN000290,CUST118,Customer_105,Withdrawal,192.22,NGN,POS Terminal,2026-06-19 22:00:00,Successful
TXN000291,CUST147,Customer_102,Deposit,714.13,NGN,POS Terminal,2026-03-26 22:00:00,Successful
TXN000292,CUST115,Customer_106,Deposit,175.37,NGN,ATM,2026-05-24 13:00:00,Successful
TXN000293,CUST102,Customer_107,Withdrawal,731.59,NGN,ATM,2026-06-16 18:00:00,Failed
TXN000294,CUST119,Customer_141,Bill Payment,1380.84,NGN,POS Terminal,CORRUPT_TIMESTAMP_DATA,Successful
TXN000295,CUST123,Customer_114,Bill Payment,783.55,EUR,ATM,2026-01-09 12:00:00,Successful
TXN000296,CUST132,Customer_146,Transfer,926.67,USD,Web Portal,2026-05-30 04:00:00,Successful
TXN000297,CUST123,Customer_128,Bill Payment,239.17,NGN,USSD,2026-02-11 20:00:00,Successful
TXN000298,,Customer_132,Deposit,70.38,EUR,USSD,2026-03-15 06:00:00,Failed
TXN000299,CUST148,Customer_129,Deposit,170.66,NGN,Web Portal,2026-05-02 14:00:00,Successful
TXN000300,CUST107,Customer_138,Bill Payment,899.8,NGN,USSD,2026-06-06 14:00:00,Successful
TXN000301,CUST135,Customer_126,Deposit,147.04,NGN,Mobile App,2026-05-11 18:00:00,Pending
TXN000302,CUST137,Customer_135,Withdrawal,567.11,EUR,Web Portal,2026-01-10 14:00:00,Successful
TXN000303,CUST139,Customer_128,Withdrawal,827.39,NGN,ATM,2026-02-04 05:00:00,Pending
TXN000304,CUST119,Customer_137,Bill Payment,586.04,NGN,Web Portal,2026-05-20 14:00:00,Successful
TXN000305,CUST134,Customer_132,Withdrawal,249.71,USD,POS Terminal,2026-02-07 12:00:00,Successful
TXN000306,CUST147,Customer_136,Withdrawal,414.32,NGN,ATM,2026-04-03 18:00:00,Failed
TXN000307,CUST124,Customer_126,Transfer,1392.83,NGN,POS Terminal,2026-03-08 07:00:00,Pending
TXN000308,CUST134,Customer_132,Transfer,1015.59,NGN,ATM,2026-01-08 22:00:00,Failed
TXN000309,CUST124,Customer_103,Withdrawal,746.59,NGN,USSD,2026-05-02 19:00:00,Successful
TXN000310,CUST128,Customer_121,Bill Payment,24.01,NGN,Web Portal,2026-06-24 03:00:00,Pending
TXN000311,CUST117,Customer_101,Transfer,1488.66,NGN,Mobile App,2026-06-28 20:00:00,Failed
TXN000312,CUST145,Customer_109,Deposit,1008.83,NGN,ATM,2026-02-14 07:00:00,Failed
TXN000313,CUST117,Customer_104,Deposit,478.8,USD,ATM,2026-03-28 15:00:00,Pending
TXN000314,CUST101,Customer_109,Deposit,1319.51,NGN,POS Terminal,2026-03-18 02:00:00,Successful
TXN000315,CUST134,Customer_132,Bill Payment,391.36,NGN,USSD,2026-01-09 13:00:00,Failed
TXN000316,CUST115,Customer_137,Withdrawal,818.3,NGN,POS Terminal,2026-03-18 20:00:00,Successful
TXN000317,CUST140,Customer_112,Deposit,955.93,NGN,POS Terminal,2026-03-12 14:00:00,Pending
TXN000318,CUST135,Customer_130,Bill Payment,335.49,NGN,USSD,2026-03-12 05:00:00,Successful
TXN000319,CUST132,Customer_146,Transfer,1467.7,NGN,Mobile App,2026-06-18 21:00:00,Successful
TXN000320,CUST103,Customer_135,Withdrawal,1123.55,NGN,POS Terminal,2026-06-01 16:00:00,Successful
TXN000321,CUST132,Customer_144,Transfer,,NGN,POS Terminal,2026-06-21 00:00:00,Successful
TXN000322,CUST113,Customer_123,Bill Payment,274.99,NGN,ATM,2026-01-10 10:00:00,Failed
TXN000323,CUST120,Customer_114,Deposit,85.52,NGN,USSD,2026-04-20 07:00:00,Successful
TXN000324,CUST147,Customer_128,Deposit,483.49,NGN,Web Portal,2026-04-23 17:00:00,Successful
TXN000325,CUST119,Customer_107,Bill Payment,1131.02,NGN,Mobile App,2026-01-12 16:00:00,Successful
TXN000326,CUST107,Customer_104,Deposit,407.65,NGN,Mobile App,2026-06-03 13:00:00,Successful
TXN000327,CUST106,Customer_128,Withdrawal,811.64,NGN,USSD,2026-04-22 13:00:00,Successful
TXN000328,CUST102,Customer_146,Bill Payment,1093.28,NGN,ATM,2026-06-18 03:00:00,Successful
TXN000329,CUST116,Customer_103,Transfer,166.38,USD,ATM,2026-05-01 22:00:00,Failed
TXN000330,CUST132,Customer_111,Bill Payment,1029.52,NGN,USSD,2026-06-20 05:00:00,Successful
TXN000331,CUST147,Customer_144,Withdrawal,142.35,NGN,ATM,2026-06-20 17:00:00,Failed
TXN000332,CUST111,Customer_101,Withdrawal,1447.87,USD,Mobile App,2026-05-21 10:00:00,Failed
TXN000333,CUST121,Customer_126,Bill Payment,735.15,NGN,Mobile App,2026-03-19 17:00:00,Pending
TXN000334,CUST121,Customer_130,Bill Payment,230.26,NGN,Web Portal,2026-02-28 18:00:00,Successful
TXN000335,CUST145,Customer_135,Deposit,516.86,NGN,USSD,2026-02-25 14:00:00,Successful
TXN000336,CUST129,Customer_135,Withdrawal,623.06,NGN,POS Terminal,2026-05-17 07:00:00,Successful
TXN000337,CUST137,Customer_125,Bill Payment,1138.49,USD,POS Terminal,2026-03-09 13:00:00,Pending
TXN000338,CUST137,Customer_142,Bill Payment,1116.42,NGN,Web Portal,2026-03-08 07:00:00,Failed
TXN000339,CUST144,Customer_126,Withdrawal,919.85,EUR,Web Portal,2026-01-06 15:00:00,Failed
TXN000340,CUST107,Customer_104,Bill Payment,163.37,NGN,ATM,2026-01-24 15:00:00,Successful
TXN000341,CUST126,Customer_119,Deposit,231.6,NGN,Web Portal,2026-04-04 12:00:00,Pending
TXN000342,CUST126,Customer_110,Withdrawal,145.17,NGN,Web Portal,2026-01-13 04:00:00,Successful
TXN000343,CUST133,Customer_109,Deposit,867.87,NGN,POS Terminal,2026-01-25 19:00:00,Pending
TXN000344,CUST120,Customer_139,Deposit,1316.32,NGN,ATM,2026-04-28 17:00:00,Successful
TXN000345,CUST129,Customer_137,Deposit,653.53,EUR,Web Portal,2026-04-21 17:00:00,Successful
TXN000346,CUST132,Customer_105,Deposit,245.47,NGN,Web Portal,2026-03-07 09:00:00,Successful
TXN000347,CUST127,Customer_107,Withdrawal,839.27,NGN,ATM,2026-02-14 17:00:00,Successful
TXN000348,CUST146,Customer_122,Deposit,1218.57,NGN,USSD,2026-06-24 11:00:00,Failed
TXN000349,CUST132,Customer_146,Deposit,1113.86,NGN,ATM,2026-04-24 14:00:00,Successful
TXN000350,CUST104,Customer_125,Bill Payment,1322.77,NGN,POS Terminal,2026-05-27 02:00:00,Successful
TXN000351,CUST147,Customer_145,Withdrawal,420.46,NGN,USSD,2026-02-22 13:00:00,Failed
TXN000352,CUST118,Customer_142,Withdrawal,294.96,NGN,Mobile App,2026-01-14 21:00:00,Successful
TXN000353,CUST103,Customer_111,Transfer,1320.33,NGN,ATM,2026-02-14 11:00:00,Successful
TXN000354,CUST134,Customer_125,Withdrawal,988.05,NGN,POS Terminal,2026-02-20 10:00:00,Successful
TXN000355,CUST148,Customer_112,Withdrawal,469.84,USD,USSD,2026-04-29 21:00:00,Pending
TXN000356,CUST116,Customer_139,Transfer,1114.81,USD,ATM,2026-05-31 23:00:00,Successful
TXN000357,CUST143,Customer_117,Withdrawal,1223.6,NGN,Web Portal,2026-01-19 17:00:00,Failed
TXN000358,CUST127,Customer_124,Withdrawal,924.39,NGN,ATM,2026-03-17 22:00:00,Successful
TXN000359,CUST129,Customer_132,Withdrawal,1033.39,EUR,Mobile App,2026-04-02 00:00:00,Failed
TXN000360,CUST128,Customer_146,Withdrawal,566.01,NGN,ATM,2026-05-27 19:00:00,Successful
TXN000361,CUST145,Customer_139,Transfer,810.35,EUR,USSD,2026-05-06 16:00:00,Failed
TXN000362,CUST105,Customer_142,Withdrawal,788.62,NGN,USSD,2026-02-06 02:00:00,Successful
TXN000363,CUST134,Customer_111,Withdrawal,1272.83,NGN,ATM,2026-04-08 02:00:00,Successful
TXN000364,CUST140,Customer_143,Transfer,1260.75,USD,USSD,2026-06-17 15:00:00,Successful
TXN000365,CUST136,Customer_135,Bill Payment,1249.86,EUR,Web Portal,2026-02-07 12:00:00,Successful
TXN000366,CUST123,Customer_147,Deposit,21.49,NGN,ATM,2026-05-06 22:00:00,Successful
TXN000367,CUST128,Customer_103,Bill Payment,1125.57,NGN,Web Portal,2026-02-23 21:00:00,Successful
TXN000368,CUST148,Customer_104,Transfer,1139.22,NGN,Web Portal,2026-01-16 15:00:00,Successful
TXN000369,CUST145,Customer_136,Deposit,1019.18,NGN,POS Terminal,2026-06-12 12:00:00,Pending
TXN000370,CUST130,Customer_107,Transfer,1135.62,NGN,ATM,2026-02-15 07:00:00,Failed
TXN000371,CUST134,Customer_141,Transfer,1263.75,NGN,USSD,2026-03-26 07:00:00,Failed
TXN000372,CUST132,Customer_148,Withdrawal,708.13,EUR,Web Portal,2026-03-26 08:00:00,Failed
TXN000373,CUST120,Customer_127,Deposit,755.57,NGN,POS Terminal,2026-03-06 05:00:00,Successful
TXN000374,CUST131,Customer_130,Withdrawal,191.45,NGN,ATM,2026-05-31 18:00:00,Failed
TXN000375,CUST122,Customer_108,Deposit,581.14,NGN,ATM,2026-03-05 22:00:00,Failed
TXN000376,CUST132,Customer_128,Transfer,966.83,NGN,Mobile App,2026-06-20 10:00:00,Successful
TXN000377,CUST102,Customer_113,Transfer,1171.7,NGN,Mobile App,2026-05-31 12:00:00,Successful
TXN000378,CUST117,Customer_139,Bill Payment,329.73,NGN,Web Portal,2026-05-26 22:00:00,Failed
TXN000379,CUST124,Customer_140,Deposit,211.05,NGN,Mobile App,2026-05-29 06:00:00,Pending
TXN000380,CUST141,Customer_121,Withdrawal,996.25,EUR,Web Portal,2026-05-31 12:00:00,Failed
TXN000381,CUST130,Customer_110,Bill Payment,7.81,EUR,USSD,2026-06-21 17:00:00,Successful
TXN000382,CUST102,Customer_122,Bill Payment,271.67,NGN,Web Portal,2026-03-29 18:00:00,Successful
TXN000383,CUST139,Customer_100,Bill Payment,48.46,EUR,Mobile App,2026-02-16 07:00:00,Successful
TXN000384,CUST145,Customer_145,Withdrawal,254.49,NGN,USSD,2026-06-28 09:00:00,Failed
TXN000385,CUST123,Customer_136,Bill Payment,276.07,NGN,Mobile App,2026-05-15 17:00:00,Successful
TXN000386,CUST149,Customer_120,Withdrawal,584.57,NGN,Web Portal,2026-06-25 19:00:00,Pending
TXN000387,,Customer_125,Bill Payment,606.48,NGN,POS Terminal,2026-04-01 05:00:00,Failed
TXN000388,CUST146,Customer_145,Withdrawal,1312.02,NGN,ATM,2026-04-01 08:00:00,Successful
TXN000389,CUST121,Customer_135,Transfer,767.61,USD,Mobile App,2026-04-19 20:00:00,Successful
TXN000390,CUST122,Customer_122,Transfer,1086.49,NGN,Web Portal,2026-03-31 07:00:00,Failed
TXN000391,CUST101,Customer_100,Transfer,160.69,USD,USSD,2026-04-22 12:00:00,Failed
TXN000392,CUST126,Customer_139,Transfer,342.03,NGN,Mobile App,2026-03-18 16:00:00,Successful
TXN000393,CUST141,Customer_114,Transfer,1055.9,NGN,Mobile App,2026-03-28 19:00:00,Successful
TXN000394,CUST101,Customer_120,Bill Payment,83.94,EUR,ATM,2026-04-11 21:00:00,Successful
TXN000395,CUST125,Customer_146,Bill Payment,732.46,NGN,Web Portal,2026-04-27 16:00:00,Failed
TXN000396,CUST116,Customer_108,Bill Payment,901.06,NGN,POS Terminal,2026-01-28 08:00:00,Successful
TXN000397,CUST139,Customer_108,Withdrawal,905.21,NGN,USSD,2026-01-25 17:00:00,Successful
TXN000398,CUST132,Customer_109,Withdrawal,39.28,NGN,Web Portal,2026-02-10 05:00:00,Failed
TXN000399,CUST108,Customer_125,Withdrawal,486.55,NGN,USSD,2026-03-16 05:00:00,Successful
TXN000400,CUST142,Customer_140,Withdrawal,956.55,NGN,Mobile App,2026-05-14 12:00:00,Successful
TXN000401,CUST147,Customer_134,Transfer,227.75,NGN,ATM,2026-03-16 13:00:00,Failed
TXN000402,CUST138,Customer_124,Transfer,,EUR,ATM,2026-03-07 07:00:00,Successful
TXN000403,CUST128,Customer_125,Transfer,1120.16,NGN,POS Terminal,2026-01-03 22:00:00,Successful
TXN000404,CUST141,Customer_110,Deposit,1473.04,NGN,ATM,2026-04-27 02:00:00,Successful
TXN000405,CUST125,Customer_137,Bill Payment,318.71,NGN,Mobile App,2026-06-01 18:00:00,Pending
TXN000406,CUST134,Customer_101,Withdrawal,1238.57,EUR,POS Terminal,2026-05-26 16:00:00,Successful
TXN000407,,Customer_106,Withdrawal,782.84,NGN,Web Portal,2026-04-26 23:00:00,Successful
TXN000408,CUST124,Customer_117,Transfer,563.33,NGN,ATM,2026-02-04 00:00:00,Successful
TXN000409,CUST123,Customer_126,Withdrawal,187.95,NGN,POS Terminal,2026-06-02 12:00:00,Failed
TXN000410,CUST112,Customer_133,Withdrawal,1104.58,NGN,Mobile App,2026-06-26 10:00:00,Successful
TXN000411,CUST106,Customer_126,Bill Payment,357.61,USD,USSD,2026-03-30 15:00:00,Pending
TXN000412,CUST135,Customer_116,Transfer,560.28,NGN,USSD,2026-05-27 22:00:00,Successful
TXN000413,CUST144,Customer_142,Bill Payment,98.5,NGN,Mobile App,2026-01-25 15:00:00,Successful
TXN000414,CUST119,Customer_143,Deposit,1203.04,NGN,Mobile App,2026-03-14 00:00:00,Successful
TXN000415,CUST100,Customer_123,Deposit,1151.05,NGN,USSD,2026-02-11 18:00:00,Successful
TXN000416,CUST107,Customer_124,Deposit,1101.76,EUR,POS Terminal,2026-06-11 15:00:00,Successful
TXN000417,CUST145,Customer_106,Transfer,452.67,EUR,USSD,2026-04-14 22:00:00,Successful
TXN000418,CUST115,Customer_105,Withdrawal,264.35,NGN,Mobile App,2026-05-26 01:00:00,Pending
TXN000419,CUST113,Customer_123,Transfer,958.14,USD,ATM,2026-03-30 12:00:00,Failed
TXN000420,CUST111,Customer_132,Transfer,746.77,NGN,Web Portal,2026-05-14 20:00:00,Pending
TXN000421,CUST122,Customer_148,Withdrawal,271.49,NGN,ATM,CORRUPT_TIMESTAMP_DATA,Successful
TXN000422,CUST114,Customer_128,Bill Payment,1030.44,NGN,ATM,2026-04-06 08:00:00,Pending
TXN000423,CUST127,Customer_142,Deposit,1486.73,NGN,Mobile App,2026-02-17 10:00:00,Successful
TXN000424,CUST133,Customer_121,Bill Payment,1122.09,NGN,USSD,2026-02-08 09:00:00,Failed
TXN000425,CUST101,Customer_125,Deposit,1111.28,EUR,POS Terminal,2026-01-10 19:00:00,Successful
TXN000426,CUST131,Customer_127,Transfer,1425.72,NGN,ATM,2026-01-18 23:00:00,Successful
TXN000427,CUST122,Customer_149,Deposit,308.39,USD,USSD,2026-05-05 08:00:00,Failed
TXN000428,CUST121,Customer_120,Transfer,850.5,NGN,POS Terminal,2026-01-15 03:00:00,Successful
TXN000429,CUST124,Customer_148,Bill Payment,1469.57,USD,ATM,2026-06-17 08:00:00,Pending
TXN000430,CUST121,Customer_106,Transfer,252.11,NGN,POS Terminal,2026-04-19 08:00:00,Successful
TXN000431,CUST121,Customer_116,Bill Payment,1051.88,NGN,USSD,2026-06-03 03:00:00,Successful
TXN000432,CUST148,Customer_119,Withdrawal,880.79,NGN,Web Portal,2026-01-16 14:00:00,Successful
TXN000433,CUST141,Customer_140,Withdrawal,881.79,USD,USSD,2026-04-09 19:00:00,Pending
TXN000434,CUST105,Customer_148,Withdrawal,1048.02,NGN,Mobile App,2026-03-10 22:00:00,Successful
TXN000435,CUST114,Customer_119,Transfer,1394.78,USD,POS Terminal,2026-01-05 19:00:00,Pending
TXN000436,CUST142,Customer_121,Withdrawal,1174.96,NGN,Web Portal,2026-03-20 17:00:00,Failed
TXN000437,CUST136,Customer_127,Deposit,88.92,NGN,POS Terminal,2026-04-21 01:00:00,Successful
TXN000438,CUST132,Customer_139,Bill Payment,1279.83,USD,POS Terminal,2026-04-03 12:00:00,Successful
TXN000439,CUST107,Customer_148,Bill Payment,342.18,NGN,ATM,2026-01-04 09:00:00,Successful
TXN000440,CUST143,Customer_106,Deposit,568.49,NGN,Mobile App,2026-04-19 09:00:00,Failed
TXN000441,CUST143,Customer_100,Transfer,695.29,NGN,POS Terminal,2026-04-05 08:00:00,Successful
TXN000442,CUST104,Customer_131,Transfer,723.95,USD,USSD,2026-01-08 02:00:00,Pending
TXN000443,CUST138,Customer_112,Bill Payment,655.59,NGN,USSD,2026-04-20 08:00:00,Successful
TXN000444,CUST103,Customer_129,Withdrawal,1406.34,EUR,ATM,2026-04-27 10:00:00,Failed
TXN000445,CUST105,Customer_122,Transfer,1060.5,NGN,Mobile App,2026-04-09 04:00:00,Successful
TXN000446,CUST144,Customer_118,Transfer,948.6,EUR,Mobile App,2026-02-11 12:00:00,Pending
TXN000447,CUST131,Customer_131,Deposit,,EUR,USSD,2026-06-13 23:00:00,Failed
TXN000448,CUST129,Customer_129,Deposit,1356.35,NGN,Web Portal,2026-05-21 11:00:00,Pending
TXN000449,CUST146,Customer_128,Withdrawal,1364.54,NGN,ATM,2026-02-06 09:00:00,Successful
TXN000450,CUST134,Customer_148,Transfer,1171.42,NGN,ATM,2026-03-14 19:00:00,Successful
TXN000451,CUST139,Customer_144,Transfer,15.51,NGN,USSD,2026-05-10 21:00:00,Failed
TXN000452,CUST115,Customer_128,Deposit,90.63,NGN,USSD,2026-02-25 22:00:00,Successful
TXN000453,CUST112,Customer_129,Transfer,341.71,NGN,Web Portal,2026-04-13 07:00:00,Successful
TXN000454,CUST149,Customer_115,Bill Payment,201.37,NGN,Web Portal,2026-03-05 06:00:00,Successful
TXN000455,CUST141,Customer_139,Deposit,601.26,NGN,Mobile App,2026-03-26 22:00:00,Successful
TXN000456,CUST129,Customer_118,Withdrawal,1384.32,NGN,ATM,2026-06-06 13:00:00,Successful
TXN000457,CUST118,Customer_117,Deposit,710.73,NGN,ATM,2026-06-28 04:00:00,Successful
TXN000458,CUST116,Customer_100,Transfer,25.04,EUR,USSD,2026-03-30 17:00:00,Pending
TXN000459,CUST118,Customer_113,Withdrawal,427.7,NGN,Mobile App,2026-01-20 11:00:00,Failed
TXN000460,CUST127,Customer_146,Deposit,71.67,NGN,ATM,2026-05-10 12:00:00,Successful
TXN000461,CUST125,Customer_149,Bill Payment,59.25,NGN,Mobile App,2026-05-02 06:00:00,Failed
TXN000462,CUST136,Customer_101,Bill Payment,417.2,USD,Mobile App,2026-04-16 22:00:00,Failed
TXN000463,CUST125,Customer_127,Deposit,417.04,EUR,USSD,2026-03-11 02:00:00,Successful
TXN000464,CUST122,Customer_148,Bill Payment,1181.75,USD,Mobile App,2026-04-09 17:00:00,Successful
TXN000465,CUST108,Customer_149,Bill Payment,1462.38,EUR,Web Portal,2026-03-16 21:00:00,Successful
TXN000466,CUST111,Customer_129,Bill Payment,559.95,NGN,Web Portal,2026-03-25 04:00:00,Successful
TXN000467,CUST100,Customer_137,Withdrawal,646.19,USD,POS Terminal,2026-02-28 18:00:00,Successful
TXN000468,CUST100,Customer_103,Bill Payment,1267.96,NGN,USSD,2026-05-06 14:00:00,Successful
TXN000469,CUST146,Customer_100,Bill Payment,405.87,NGN,POS Terminal,2026-03-03 15:00:00,Failed
TXN000470,CUST133,Customer_107,Bill Payment,238.79,EUR,Web Portal,2026-05-08 23:00:00,Successful
TXN000471,CUST131,Customer_128,Withdrawal,1280.37,NGN,POS Terminal,2026-04-15 03:00:00,Failed
TXN000472,CUST147,Customer_138,Deposit,74.52,NGN,USSD,2026-01-15 11:00:00,Pending
TXN000473,CUST124,Customer_102,Transfer,931.45,NGN,USSD,2026-02-04 22:00:00,Failed
TXN000474,CUST139,Customer_131,Bill Payment,845.18,NGN,Mobile App,2026-01-14 16:00:00,Pending
TXN000475,CUST144,Customer_109,Deposit,522.15,NGN,ATM,2026-04-12 03:00:00,Successful
TXN000476,CUST100,Customer_109,Bill Payment,476.21,NGN,Mobile App,2026-01-07 18:00:00,Successful
TXN000477,CUST115,Customer_118,Withdrawal,1158.93,NGN,USSD,2026-02-18 15:00:00,Pending
TXN000478,CUST138,Customer_145,Deposit,134.2,NGN,Web Portal,2026-04-21 21:00:00,Pending
TXN000479,CUST104,Customer_133,Withdrawal,358.99,USD,Web Portal,2026-06-28 07:00:00,Failed
TXN000480,CUST121,Customer_132,Bill Payment,1100.01,NGN,Mobile App,2026-03-21 19:00:00,Pending
TXN000481,CUST128,Customer_122,Bill Payment,824.74,NGN,USSD,2026-03-24 09:00:00,Successful
TXN000482,CUST102,Customer_127,Withdrawal,196.34,EUR,Web Portal,2026-01-17 12:00:00,Successful
TXN000483,CUST111,Customer_131,Transfer,1323.79,USD,USSD,2026-01-07 09:00:00,Successful
TXN000484,CUST125,Customer_149,Withdrawal,593.2,NGN,Web Portal,2026-02-03 03:00:00,Pending
TXN000485,CUST115,Customer_106,Bill Payment,1242.66,NGN,USSD,2026-06-02 05:00:00,Successful
TXN000486,CUST136,Customer_128,Withdrawal,1182.63,USD,POS Terminal,2026-06-01 17:00:00,Successful
TXN000487,CUST121,Customer_107,Transfer,938.52,USD,USSD,2026-05-14 22:00:00,Pending
TXN000488,CUST128,Customer_100,Withdrawal,744.25,NGN,USSD,2026-03-22 13:00:00,Successful
TXN000489,CUST113,Customer_102,Transfer,1469.43,NGN,Mobile App,2026-06-01 10:00:00,Successful
TXN000490,CUST127,Customer_123,Transfer,221.72,NGN,POS Terminal,2026-01-26 18:00:00,Pending
TXN000491,CUST104,Customer_122,Withdrawal,1089.11,NGN,ATM,2026-05-06 01:00:00,Successful
TXN000492,CUST146,Customer_107,Withdrawal,290.83,NGN,Mobile App,2026-01-28 02:00:00,Successful
TXN000493,CUST148,Customer_146,Deposit,510.7,NGN,ATM,2026-03-16 05:00:00,Failed
TXN000494,CUST129,Customer_136,Bill Payment,,NGN,Web Portal,2026-03-19 18:00:00,Successful
TXN000495,CUST145,Customer_102,Transfer,1420.82,NGN,ATM,2026-03-31 15:00:00,Successful
TXN000496,CUST104,Customer_132,Deposit,1451.2,NGN,USSD,2026-01-21 21:00:00,Successful
TXN000497,CUST111,Customer_127,Withdrawal,278.61,USD,ATM,2026-04-13 07:00:00,Pending
TXN000498,CUST115,Customer_146,Bill Payment,37.94,NGN,Mobile App,2026-06-28 19:00:00,Pending
TXN000499,CUST125,Customer_107,Deposit,1081.41,NGN,Mobile App,2026-04-22 21:00:00,Successful
TXN000500,CUST125,Customer_133,Transfer,629.89,USD,ATM,2026-02-28 06:00:00,Successful
TXN000501,CUST147,Customer_134,Deposit,137.82,NGN,Mobile App,2026-05-17 12:00:00,Failed
TXN000502,CUST120,Customer_131,Transfer,1027.21,NGN,Mobile App,2026-05-09 07:00:00,Successful
TXN000503,CUST138,Customer_123,Withdrawal,819.93,NGN,ATM,2026-02-25 21:00:00,Successful
TXN000504,CUST135,Customer_113,Bill Payment,1470.87,NGN,POS Terminal,2026-02-04 02:00:00,Successful
TXN000505,CUST132,Customer_131,Bill Payment,344.98,USD,POS Terminal,2026-04-14 06:00:00,Successful
TXN000506,CUST129,Customer_145,Bill Payment,608.95,NGN,Web Portal,2026-01-27 00:00:00,Failed
TXN000507,CUST136,Customer_142,Withdrawal,816.11,NGN,Mobile App,2026-06-21 22:00:00,Successful
TXN000508,CUST122,Customer_115,Transfer,1188.59,NGN,ATM,2026-02-10 10:00:00,Pending
TXN000509,CUST109,Customer_103,Withdrawal,825.51,NGN,Mobile App,2026-02-11 20:00:00,Successful
TXN000510,CUST104,Customer_136,Bill Payment,921.29,EUR,USSD,2026-06-10 17:00:00,Pending
TXN000511,CUST135,Customer_120,Withdrawal,343.09,NGN,Mobile App,2026-03-04 03:00:00,Successful
TXN000512,CUST133,Customer_113,Withdrawal,1271.14,NGN,Mobile App,2026-06-14 08:00:00,Successful
TXN000513,CUST130,Customer_130,Withdrawal,645.8,NGN,POS Terminal,2026-05-07 16:00:00,Failed
TXN000514,CUST109,Customer_147,Transfer,215.73,NGN,ATM,2026-06-25 04:00:00,Successful
TXN000515,CUST118,Customer_117,Deposit,997.96,NGN,Mobile App,2026-02-17 02:00:00,Failed
TXN000516,CUST131,Customer_106,Deposit,328.06,NGN,POS Terminal,2026-04-26 14:00:00,Successful
TXN000517,CUST100,Customer_109,Withdrawal,150.86,NGN,Web Portal,2026-04-09 19:00:00,Pending
TXN000518,CUST104,Customer_106,Deposit,1293.67,NGN,POS Terminal,2026-01-14 15:00:00,Pending
TXN000519,CUST144,Customer_132,Deposit,692.94,NGN,POS Terminal,2026-03-02 16:00:00,Successful
TXN000520,CUST103,Customer_122,Withdrawal,1125.18,NGN,POS Terminal,2026-05-04 23:00:00,Failed
TXN000521,CUST115,Customer_120,Withdrawal,439.43,NGN,Mobile App,2026-04-26 22:00:00,Successful
TXN000522,CUST123,Customer_118,Bill Payment,1181.52,USD,Mobile App,2026-03-23 17:00:00,Successful
TXN000523,CUST115,Customer_147,Deposit,172.34,NGN,Web Portal,2026-03-20 14:00:00,Pending
TXN000524,CUST101,Customer_118,Transfer,537.18,NGN,USSD,2026-03-11 14:00:00,Successful
TXN000525,CUST148,Customer_135,Withdrawal,1467.2,NGN,USSD,2026-02-19 03:00:00,Pending
TXN000526,CUST127,Customer_128,Bill Payment,1192.01,NGN,USSD,2026-01-08 14:00:00,Pending
TXN000527,CUST131,Customer_117,Transfer,748.4,NGN,Web Portal,2026-05-11 14:00:00,Successful
TXN000528,CUST126,Customer_101,Deposit,512.97,NGN,USSD,2026-04-15 01:00:00,Successful
TXN000529,CUST119,Customer_100,Bill Payment,1308.84,NGN,USSD,2026-04-06 19:00:00,Successful
TXN000530,CUST123,Customer_146,Withdrawal,819.55,NGN,POS Terminal,2026-01-13 00:00:00,Successful
TXN000531,CUST111,Customer_104,Transfer,1138.85,USD,Mobile App,2026-02-03 14:00:00,Failed
TXN000532,CUST149,Customer_119,Withdrawal,1132.39,USD,Mobile App,2026-03-19 01:00:00,Successful
TXN000533,CUST134,Customer_110,Deposit,31.83,NGN,POS Terminal,2026-03-23 21:00:00,Successful
TXN000534,CUST132,Customer_141,Transfer,193.75,NGN,POS Terminal,2026-06-08 05:00:00,Successful
TXN000535,CUST132,Customer_101,Deposit,991.15,NGN,POS Terminal,2026-01-14 07:00:00,Successful
TXN000536,CUST142,Customer_102,Deposit,246.62,NGN,Mobile App,2026-04-01 21:00:00,Failed
TXN000537,CUST136,Customer_122,Bill Payment,386.96,EUR,USSD,2026-05-10 16:00:00,Successful
TXN000538,CUST111,Customer_111,Withdrawal,1420.22,NGN,POS Terminal,2026-04-11 13:00:00,Pending
TXN000539,CUST102,Customer_119,Transfer,842.47,NGN,Web Portal,2026-03-30 23:00:00,Successful
TXN000540,CUST100,Customer_104,Deposit,1127.34,NGN,POS Terminal,2026-04-04 19:00:00,Successful
TXN000541,CUST132,Customer_136,Deposit,839.18,NGN,ATM,2026-03-26 20:00:00,Pending
TXN000542,CUST139,Customer_137,Transfer,831.01,NGN,POS Terminal,2026-01-22 02:00:00,Failed
TXN000543,CUST109,Customer_129,Deposit,145.76,NGN,Mobile App,2026-01-16 17:00:00,Pending
TXN000544,CUST142,Customer_108,Bill Payment,518.78,NGN,POS Terminal,2026-05-02 16:00:00,Pending
TXN000545,CUST143,Customer_133,Bill Payment,427.23,NGN,ATM,2026-06-20 16:00:00,Failed
TXN000546,CUST128,Customer_143,Bill Payment,589.14,NGN,Web Portal,2026-03-21 22:00:00,Pending
TXN000547,CUST112,Customer_134,Bill Payment,1198.52,NGN,USSD,2026-05-10 03:00:00,Successful
TXN000548,CUST111,Customer_121,Deposit,561.04,NGN,POS Terminal,2026-03-26 06:00:00,Successful
TXN000549,CUST130,Customer_143,Transfer,680.29,NGN,ATM,2026-04-04 05:00:00,Pending
TXN000550,CUST145,Customer_123,Transfer,599.09,NGN,ATM,2026-03-22 06:00:00,Successful
TXN000551,CUST101,Customer_116,Transfer,144.64,NGN,Web Portal,2026-03-10 04:00:00,Successful
TXN000552,CUST149,Customer_109,Transfer,664.4,NGN,Mobile App,2026-05-28 15:00:00,Successful
TXN000553,CUST134,Customer_129,Withdrawal,297.44,EUR,POS Terminal,2026-02-20 08:00:00,Pending
TXN000554,CUST122,Customer_145,Transfer,284.15,NGN,ATM,2026-06-14 07:00:00,Successful
TXN000555,CUST116,Customer_122,Withdrawal,145.58,NGN,Web Portal,2026-06-19 01:00:00,Pending
TXN000556,CUST125,Customer_131,Withdrawal,538.22,NGN,USSD,2026-01-09 10:00:00,Failed
TXN000557,CUST107,Customer_116,Bill Payment,1137.44,NGN,ATM,2026-04-10 21:00:00,Successful
TXN000558,CUST128,Customer_149,Withdrawal,418.28,NGN,Web Portal,2026-03-05 21:00:00,Pending
TXN000559,CUST125,Customer_116,Deposit,471.96,NGN,Mobile App,CORRUPT_TIMESTAMP_DATA,Successful
TXN000560,CUST109,Customer_113,Withdrawal,965.8,EUR,Mobile App,2026-06-06 05:00:00,Successful
TXN000561,CUST125,Customer_108,Bill Payment,297.78,NGN,ATM,2026-04-20 00:00:00,Successful
TXN000562,CUST133,Customer_139,Withdrawal,1345.95,NGN,ATM,2026-01-18 06:00:00,Pending
TXN000563,CUST140,Customer_101,Deposit,782.68,NGN,POS Terminal,2026-05-07 00:00:00,Pending
TXN000564,CUST106,Customer_144,Deposit,674.17,NGN,Web Portal,2026-01-01 23:00:00,Successful
TXN000565,CUST103,Customer_124,Deposit,838.94,USD,ATM,2026-05-12 03:00:00,Successful
TXN000566,CUST149,Customer_138,Bill Payment,253.22,NGN,POS Terminal,2026-05-05 17:00:00,Failed
TXN000567,CUST144,Customer_108,Bill Payment,922.14,NGN,POS Terminal,2026-01-27 10:00:00,Successful
TXN000568,CUST110,Customer_121,Transfer,547.84,USD,ATM,2026-02-28 00:00:00,Pending
TXN000569,CUST128,Customer_142,Bill Payment,1346.29,NGN,Mobile App,2026-01-28 09:00:00,Failed
TXN000570,CUST135,Customer_145,Deposit,257.44,NGN,Web Portal,2026-04-15 22:00:00,Successful
TXN000571,CUST124,Customer_103,Deposit,763.04,NGN,Web Portal,2026-03-11 15:00:00,Successful
TXN000572,CUST120,Customer_125,Bill Payment,899.18,NGN,Mobile App,2026-02-03 22:00:00,Successful
TXN000573,CUST135,Customer_128,Withdrawal,54.91,NGN,ATM,2026-04-24 09:00:00,Successful
TXN000574,CUST109,Customer_144,Bill Payment,548.72,NGN,Web Portal,2026-02-25 16:00:00,Successful
TXN000575,CUST136,Customer_133,Bill Payment,1100.29,NGN,ATM,2026-01-13 23:00:00,Successful
TXN000576,CUST108,Customer_122,Deposit,1231.46,NGN,ATM,2026-01-18 21:00:00,Pending
TXN000577,CUST123,Customer_136,Transfer,473.18,NGN,POS Terminal,2026-04-23 04:00:00,Successful
TXN000578,CUST134,Customer_110,Deposit,1198.9,NGN,Mobile App,2026-06-20 06:00:00,Successful
TXN000579,CUST148,Customer_105,Transfer,1451.8,NGN,ATM,2026-06-19 16:00:00,Failed
TXN000580,CUST134,Customer_117,Deposit,1286.03,NGN,USSD,2026-03-20 17:00:00,Successful
TXN000581,CUST147,Customer_120,Bill Payment,180.88,NGN,Mobile App,2026-05-31 21:00:00,Successful
TXN000582,CUST135,Customer_141,Deposit,1110.9,NGN,Web Portal,2026-01-30 01:00:00,Successful
TXN000583,CUST117,Customer_135,Deposit,482.9,NGN,POS Terminal,2026-02-27 03:00:00,Successful
TXN000584,CUST148,Customer_140,Deposit,1482.68,NGN,Web Portal,2026-03-08 06:00:00,Successful
TXN000585,CUST138,Customer_137,Bill Payment,730.61,EUR,Web Portal,2026-05-26 09:00:00,Successful
TXN000586,CUST131,Customer_133,Bill Payment,188.04,NGN,Mobile App,2026-01-07 07:00:00,Failed
TXN000587,CUST123,Customer_116,Bill Payment,1089.15,NGN,Web Portal,2026-03-11 21:00:00,Successful
TXN000588,CUST122,Customer_136,Bill Payment,487.9,NGN,ATM,2026-03-09 13:00:00,Successful
TXN000589,CUST131,Customer_124,Transfer,,NGN,Web Portal,2026-02-18 19:00:00,Successful
TXN000590,CUST136,Customer_137,Transfer,1469.77,NGN,POS Terminal,2026-04-24 10:00:00,Failed
TXN000591,CUST111,Customer_111,Withdrawal,985.92,USD,POS Terminal,2026-01-29 20:00:00,Successful
TXN000592,,Customer_122,Bill Payment,199.09,NGN,USSD,2026-03-19 08:00:00,Successful
TXN000593,CUST112,Customer_141,Transfer,1031.86,NGN,POS Terminal,2026-06-24 11:00:00,Successful
TXN000594,CUST122,Customer_121,Deposit,144.08,NGN,Web Portal,2026-02-11 18:00:00,Successful
TXN000595,CUST124,Customer_120,Bill Payment,48.9,NGN,POS Terminal,2026-06-28 05:00:00,Failed
TXN000596,CUST134,Customer_126,Withdrawal,1235.32,NGN,Mobile App,2026-05-08 19:00:00,Pending
TXN000597,CUST140,Customer_130,Withdrawal,318.58,NGN,POS Terminal,2026-06-04 05:00:00,Successful
TXN000598,CUST129,Customer_105,Withdrawal,571.65,NGN,ATM,2026-03-13 00:00:00,Pending
TXN000599,CUST116,Customer_126,Deposit,1460.32,NGN,Mobile App,2026-04-23 23:00:00,Successful
TXN000600,CUST148,Customer_139,Transfer,508.58,NGN,USSD,2026-05-08 14:00:00,Successful
TXN000601,CUST119,Customer_133,Deposit,448.25,NGN,ATM,2026-03-24 21:00:00,Successful
TXN000602,CUST147,Customer_111,Bill Payment,1377.72,EUR,Web Portal,2026-03-04 22:00:00,Failed
TXN000603,CUST124,Customer_144,Withdrawal,170.57,NGN,Web Portal,2026-03-01 02:00:00,Pending
TXN000604,CUST121,Customer_106,Deposit,1140.58,EUR,Web Portal,2026-03-03 21:00:00,Successful
TXN000605,CUST112,Customer_109,Deposit,1482.16,NGN,ATM,2026-05-06 18:00:00,Successful
TXN000606,CUST118,Customer_144,Transfer,1352.44,USD,ATM,2026-06-18 09:00:00,Failed
TXN000607,CUST148,Customer_116,Transfer,,USD,ATM,2026-04-08 00:00:00,Failed
TXN000608,CUST135,Customer_125,Withdrawal,474.52,NGN,Mobile App,2026-01-31 15:00:00,Pending
TXN000609,CUST111,Customer_120,Deposit,385.21,NGN,Mobile App,2026-05-26 22:00:00,Successful
TXN000610,CUST140,Customer_127,Deposit,1229.79,NGN,Web Portal,2026-05-02 16:00:00,Successful
TXN000611,CUST118,Customer_145,Transfer,1320.33,USD,POS Terminal,2026-02-07 13:00:00,Successful
TXN000612,CUST111,Customer_101,Deposit,790.53,NGN,Web Portal,2026-04-20 23:00:00,Successful
TXN000613,CUST108,Customer_142,Deposit,370.29,NGN,USSD,2026-01-22 02:00:00,Pending
TXN000614,CUST106,Customer_100,Deposit,,NGN,Mobile App,2026-02-25 22:00:00,Successful
TXN000615,CUST127,Customer_135,Transfer,135.33,EUR,ATM,2026-05-27 11:00:00,Pending
TXN000616,CUST113,Customer_125,Withdrawal,1080.02,USD,Mobile App,2026-02-04 17:00:00,Pending
TXN000617,CUST130,Customer_128,Bill Payment,633.08,EUR,ATM,2026-05-05 00:00:00,Pending
TXN000618,,Customer_120,Withdrawal,,NGN,USSD,2026-02-21 20:00:00,Successful
TXN000619,CUST146,Customer_110,Bill Payment,1110.81,NGN,USSD,2026-06-14 00:00:00,Failed
TXN000620,CUST115,Customer_139,Deposit,290.93,NGN,Mobile App,2026-06-28 00:00:00,Successful
TXN000621,CUST104,Customer_110,Withdrawal,922.6,NGN,ATM,2026-01-21 20:00:00,Pending
TXN000622,CUST134,Customer_135,Bill Payment,656.08,NGN,USSD,2026-01-16 11:00:00,Successful
TXN000623,CUST111,Customer_148,Transfer,867.99,NGN,Web Portal,2026-05-03 21:00:00,Successful
TXN000624,CUST124,Customer_138,Transfer,1108.41,NGN,Web Portal,2026-06-17 15:00:00,Pending
TXN000625,CUST120,Customer_139,Withdrawal,,NGN,ATM,2026-03-06 03:00:00,Successful
TXN000626,CUST135,Customer_134,Withdrawal,1266.39,EUR,Mobile App,2026-03-15 10:00:00,Failed
TXN000627,CUST122,Customer_133,Deposit,384.69,NGN,USSD,2026-01-17 22:00:00,Pending
TXN000628,CUST115,Customer_146,Withdrawal,51.52,USD,Mobile App,2026-05-15 11:00:00,Successful
TXN000629,CUST138,Customer_123,Deposit,1110.25,NGN,Web Portal,2026-03-12 11:00:00,Pending
TXN000630,CUST144,Customer_121,Deposit,163.98,NGN,USSD,2026-03-20 01:00:00,Successful
TXN000631,CUST141,Customer_104,Transfer,475.8,NGN,Mobile App,2026-02-15 12:00:00,Successful
TXN000632,CUST138,Customer_132,Transfer,10.71,NGN,POS Terminal,2026-03-19 15:00:00,Successful
TXN000633,CUST113,Customer_135,Bill Payment,1024.1,NGN,ATM,2026-03-12 18:00:00,Successful
TXN000634,CUST130,Customer_146,Transfer,254.86,NGN,ATM,2026-01-02 09:00:00,Successful
TXN000635,CUST104,Customer_119,Transfer,984.65,NGN,POS Terminal,2026-06-27 16:00:00,Successful
TXN000636,CUST134,Customer_118,Withdrawal,1487.66,NGN,Web Portal,2026-05-20 05:00:00,Successful
TXN000637,CUST122,Customer_134,Transfer,113.64,NGN,USSD,2026-05-30 08:00:00,Successful
TXN000638,CUST128,Customer_142,Bill Payment,120.23,EUR,ATM,2026-03-25 00:00:00,Pending
TXN000639,CUST142,Customer_116,Withdrawal,513.87,NGN,POS Terminal,2026-02-27 05:00:00,Pending
TXN000640,CUST110,Customer_144,Bill Payment,,NGN,POS Terminal,2026-05-26 05:00:00,Successful
TXN000641,CUST117,Customer_142,Transfer,327.22,NGN,Web Portal,CORRUPT_TIMESTAMP_DATA,Pending
TXN000642,CUST146,Customer_133,Bill Payment,543.76,NGN,Web Portal,2026-01-23 22:00:00,Failed
TXN000643,CUST111,Customer_108,Withdrawal,107.42,NGN,Mobile App,2026-06-03 12:00:00,Successful
TXN000644,CUST108,Customer_125,Deposit,1145.92,NGN,ATM,CORRUPT_TIMESTAMP_DATA,Successful
TXN000645,CUST109,Customer_101,Bill Payment,615.42,EUR,Mobile App,2026-02-13 00:00:00,Successful
TXN000646,CUST143,Customer_108,Bill Payment,1140.08,NGN,POS Terminal,2026-02-05 12:00:00,Pending
TXN000647,CUST116,Customer_108,Withdrawal,1355.89,EUR,USSD,2026-02-24 04:00:00,Successful
TXN000648,CUST137,Customer_139,Withdrawal,352.98,EUR,USSD,2026-03-02 01:00:00,Successful
TXN000649,CUST106,Customer_116,Bill Payment,1212.06,NGN,Web Portal,2026-02-24 00:00:00,Successful
TXN000650,CUST145,Customer_100,Transfer,93.35,NGN,USSD,CORRUPT_TIMESTAMP_DATA,Pending
TXN000651,CUST112,Customer_124,Bill Payment,1348.78,EUR,USSD,2026-02-07 22:00:00,Failed
TXN000652,CUST139,Customer_142,Withdrawal,977.9,NGN,USSD,2026-03-19 02:00:00,Failed
TXN000653,CUST141,Customer_139,Deposit,1311.97,NGN,POS Terminal,2026-03-20 02:00:00,Pending
TXN000654,CUST108,Customer_141,Deposit,5.28,EUR,USSD,2026-03-28 01:00:00,Pending
TXN000655,CUST149,Customer_124,Transfer,257.78,NGN,USSD,2026-04-07 08:00:00,Successful
TXN000656,CUST126,Customer_138,Bill Payment,587.69,NGN,USSD,2026-06-18 22:00:00,Pending
TXN000657,CUST101,Customer_134,Deposit,572.36,NGN,Mobile App,2026-03-12 02:00:00,Failed
TXN000658,CUST104,Customer_102,Bill Payment,343.96,NGN,POS Terminal,2026-02-27 17:00:00,Pending
TXN000659,CUST128,Customer_149,Withdrawal,575.51,NGN,Web Portal,2026-02-12 06:00:00,Successful
TXN000660,CUST136,Customer_136,Deposit,,NGN,Mobile App,2026-04-15 00:00:00,Successful
TXN000661,CUST137,Customer_143,Transfer,622.08,NGN,ATM,2026-03-02 13:00:00,Successful
TXN000662,CUST118,Customer_143,Withdrawal,1204.52,NGN,POS Terminal,2026-06-29 05:00:00,Successful
TXN000663,CUST107,Customer_129,Transfer,721.21,NGN,POS Terminal,2026-04-13 09:00:00,Successful
TXN000664,CUST147,Customer_137,Withdrawal,31.91,NGN,ATM,2026-03-12 01:00:00,Pending
TXN000665,CUST144,Customer_133,Deposit,635.06,NGN,ATM,2026-06-07 03:00:00,Successful
TXN000666,CUST100,Customer_111,Transfer,45.63,NGN,ATM,2026-05-29 16:00:00,Pending
TXN000667,CUST121,Customer_118,Transfer,1449.53,NGN,Web Portal,2026-04-07 09:00:00,Successful
TXN000668,CUST116,Customer_136,Withdrawal,195.54,NGN,USSD,2026-04-25 14:00:00,Successful
TXN000669,CUST106,Customer_143,Transfer,1062.99,NGN,POS Terminal,2026-06-19 18:00:00,Successful
TXN000670,CUST124,Customer_148,Withdrawal,1459.3,EUR,USSD,2026-02-25 15:00:00,Failed
TXN000671,CUST144,Customer_116,Withdrawal,1239.93,NGN,USSD,2026-02-10 14:00:00,Failed
TXN000672,CUST103,Customer_109,Withdrawal,1050.48,NGN,ATM,2026-03-03 16:00:00,Pending
TXN000673,CUST135,Customer_148,Withdrawal,1259.99,NGN,Web Portal,2026-03-05 13:00:00,Pending
TXN000674,CUST105,Customer_146,Deposit,1472.79,NGN,Mobile App,2026-05-10 03:00:00,Successful
TXN000675,CUST130,Customer_111,Withdrawal,933.91,NGN,Web Portal,2026-04-24 06:00:00,Successful
TXN000676,CUST118,Customer_115,Bill Payment,840.98,NGN,USSD,2026-01-13 14:00:00,Failed
TXN000677,CUST143,Customer_123,Transfer,944.22,NGN,Web Portal,2026-03-30 22:00:00,Successful
TXN000678,CUST138,Customer_118,Bill Payment,801.35,NGN,ATM,2026-01-22 00:00:00,Successful
TXN000679,CUST126,Customer_107,Deposit,954.46,NGN,Mobile App,2026-03-15 04:00:00,Successful
TXN000680,CUST109,Customer_130,Bill Payment,677.51,NGN,ATM,2026-06-25 10:00:00,Successful
TXN000681,CUST125,Customer_120,Transfer,331.57,NGN,Mobile App,2026-04-27 05:00:00,Successful
TXN000682,CUST118,Customer_116,Bill Payment,184.77,NGN,USSD,2026-02-10 12:00:00,Successful
TXN000683,CUST138,Customer_122,Deposit,107.17,NGN,Mobile App,2026-03-29 07:00:00,Pending
TXN000684,CUST102,Customer_136,Withdrawal,398.66,NGN,Mobile App,2026-04-20 23:00:00,Successful
TXN000685,CUST144,Customer_115,Bill Payment,73.95,NGN,Mobile App,2026-04-07 16:00:00,Successful
TXN000686,CUST112,Customer_105,Deposit,852.92,NGN,Web Portal,2026-02-26 01:00:00,Successful
TXN000687,CUST149,Customer_107,Deposit,429.32,NGN,Web Portal,2026-04-06 23:00:00,Successful
TXN000688,CUST127,Customer_124,Transfer,1237.68,NGN,USSD,2026-05-17 03:00:00,Failed
TXN000689,CUST119,Customer_117,Transfer,115.99,NGN,Mobile App,2026-03-22 16:00:00,Successful
TXN000690,CUST127,Customer_124,Bill Payment,343.4,NGN,POS Terminal,2026-04-27 17:00:00,Pending
TXN000691,CUST107,Customer_111,Withdrawal,1096.72,NGN,USSD,2026-04-22 07:00:00,Successful
TXN000692,CUST140,Customer_114,Deposit,900.22,EUR,Mobile App,2026-03-26 20:00:00,Pending
TXN000693,CUST138,Customer_125,Bill Payment,101.41,NGN,Mobile App,2026-05-26 22:00:00,Successful
TXN000694,CUST100,Customer_140,Deposit,1316.47,NGN,Web Portal,2026-06-06 23:00:00,Pending
TXN000695,CUST102,Customer_144,Deposit,1316.51,NGN,USSD,2026-03-15 12:00:00,Successful
TXN000696,CUST112,Customer_125,Withdrawal,498.96,NGN,Mobile App,2026-05-25 17:00:00,Successful
TXN000697,CUST127,Customer_146,Withdrawal,513.91,NGN,Mobile App,2026-02-11 15:00:00,Successful
TXN000698,CUST148,Customer_131,Bill Payment,1483.6,NGN,USSD,2026-04-11 12:00:00,Successful
TXN000699,CUST124,Customer_109,Withdrawal,941.13,NGN,POS Terminal,2026-03-23 16:00:00,Successful
TXN000700,,Customer_115,Withdrawal,799.32,EUR,USSD,2026-03-14 13:00:00,Failed
TXN000701,CUST137,Customer_106,Bill Payment,1258.04,NGN,USSD,2026-06-26 03:00:00,Pending
TXN000702,CUST105,Customer_116,Withdrawal,431.51,EUR,POS Terminal,2026-03-23 19:00:00,Failed
TXN000703,CUST143,Customer_122,Transfer,646.63,NGN,USSD,2026-04-30 23:00:00,Failed
TXN000704,CUST144,Customer_125,Deposit,405.33,NGN,Mobile App,2026-02-16 10:00:00,Successful
TXN000705,CUST131,Customer_120,Deposit,1184.8,NGN,USSD,2026-04-18 08:00:00,Successful
TXN000706,CUST144,Customer_121,Deposit,862.16,NGN,POS Terminal,2026-03-20 14:00:00,Successful
TXN000707,CUST146,Customer_106,Deposit,989.94,NGN,ATM,2026-01-19 19:00:00,Successful
TXN000708,CUST120,Customer_113,Bill Payment,382.2,NGN,USSD,2026-01-26 13:00:00,Successful
TXN000709,CUST115,Customer_114,Deposit,334.24,NGN,Web Portal,2026-04-02 16:00:00,Pending
TXN000710,CUST120,Customer_106,Deposit,735.12,NGN,Mobile App,2026-03-23 20:00:00,Failed
TXN000711,CUST110,Customer_108,Deposit,1107.66,NGN,Mobile App,2026-05-11 01:00:00,Pending
TXN000712,CUST136,Customer_147,Deposit,790.23,USD,Web Portal,2026-02-11 18:00:00,Successful
TXN000713,CUST135,Customer_107,Transfer,53.81,NGN,Web Portal,2026-01-17 11:00:00,Successful
TXN000714,CUST134,Customer_149,Deposit,1303.48,USD,USSD,2026-06-10 11:00:00,Successful
TXN000715,CUST118,Customer_122,Transfer,101.71,USD,Web Portal,2026-06-26 23:00:00,Failed
TXN000716,CUST119,Customer_128,Bill Payment,1433.96,USD,ATM,2026-03-04 02:00:00,Pending
TXN000717,CUST117,Customer_117,Withdrawal,42.59,NGN,POS Terminal,2026-04-17 16:00:00,Successful
TXN000718,CUST146,Customer_130,Deposit,1043.2,NGN,Web Portal,2026-02-24 02:00:00,Pending
TXN000719,CUST140,Customer_129,Withdrawal,127.9,EUR,Web Portal,2026-02-21 03:00:00,Successful
TXN000720,CUST148,Customer_138,Withdrawal,1366.46,NGN,ATM,2026-04-27 21:00:00,Successful
TXN000721,CUST113,Customer_134,Bill Payment,699.33,NGN,Mobile App,2026-01-07 13:00:00,Successful
TXN000722,CUST114,Customer_117,Withdrawal,210.6,NGN,Mobile App,2026-02-15 03:00:00,Failed
TXN000723,CUST130,Customer_141,Transfer,514.52,NGN,USSD,2026-05-24 23:00:00,Failed
TXN000724,CUST100,Customer_138,Withdrawal,251.41,NGN,ATM,2026-02-23 00:00:00,Successful
TXN000725,CUST102,Customer_116,Withdrawal,260.02,NGN,POS Terminal,2026-02-18 09:00:00,Successful
TXN000726,CUST115,Customer_113,Withdrawal,1422.42,USD,POS Terminal,2026-04-28 15:00:00,Successful
TXN000727,CUST122,Customer_130,Deposit,670.64,NGN,ATM,2026-05-24 07:00:00,Successful
TXN000728,CUST110,Customer_123,Deposit,1184.26,EUR,POS Terminal,2026-06-06 06:00:00,Successful
TXN000729,CUST111,Customer_134,Transfer,961.21,NGN,Mobile App,2026-04-02 05:00:00,Successful
TXN000730,CUST109,Customer_143,Transfer,1016.26,NGN,POS Terminal,2026-05-24 19:00:00,Successful
TXN000731,CUST131,Customer_144,Deposit,201.88,NGN,POS Terminal,2026-03-21 06:00:00,Successful
TXN000732,CUST115,Customer_133,Transfer,355.11,NGN,ATM,2026-03-19 10:00:00,Successful
TXN000733,CUST107,Customer_102,Deposit,1181.19,EUR,ATM,2026-06-03 13:00:00,Failed
TXN000734,CUST137,Customer_136,Bill Payment,1456.3,NGN,POS Terminal,2026-06-10 12:00:00,Successful
TXN000735,CUST111,Customer_142,Withdrawal,397.7,NGN,Web Portal,2026-03-04 02:00:00,Pending
TXN000736,CUST123,Customer_139,Withdrawal,411.0,NGN,ATM,2026-06-29 03:00:00,Successful
TXN000737,CUST127,Customer_125,Transfer,711.98,NGN,USSD,2026-06-03 10:00:00,Pending
TXN000738,CUST107,Customer_122,Deposit,1475.84,NGN,USSD,2026-01-02 13:00:00,Successful
TXN000739,CUST127,Customer_143,Deposit,407.09,NGN,Mobile App,2026-04-18 16:00:00,Successful
TXN000740,,Customer_138,Transfer,613.42,NGN,POS Terminal,2026-05-20 11:00:00,Successful
TXN000741,CUST125,Customer_114,Deposit,1337.76,USD,Web Portal,2026-06-10 12:00:00,Successful
TXN000742,CUST107,Customer_148,Bill Payment,9.37,NGN,Mobile App,2026-03-19 23:00:00,Successful
TXN000743,CUST149,Customer_103,Withdrawal,64.45,NGN,POS Terminal,2026-05-06 01:00:00,Successful
TXN000744,CUST127,Customer_128,Transfer,908.09,NGN,ATM,2026-01-26 20:00:00,Successful
TXN000745,CUST127,Customer_121,Transfer,1361.53,NGN,USSD,2026-06-05 15:00:00,Successful
TXN000746,CUST136,Customer_124,Deposit,362.09,NGN,Web Portal,2026-06-17 01:00:00,Successful
TXN000747,CUST140,Customer_112,Transfer,707.11,NGN,USSD,2026-03-28 14:00:00,Failed
TXN000748,CUST135,Customer_117,Bill Payment,678.45,NGN,ATM,2026-01-23 16:00:00,Successful
TXN000749,CUST126,Customer_132,Deposit,712.09,EUR,POS Terminal,2026-02-17 01:00:00,Successful
TXN000750,CUST116,Customer_115,Deposit,935.67,NGN,ATM,2026-03-25 19:00:00,Successful
TXN000751,CUST108,Customer_144,Deposit,707.27,NGN,ATM,2026-02-15 02:00:00,Pending
TXN000752,CUST132,Customer_141,Deposit,673.96,NGN,USSD,2026-01-12 07:00:00,Successful
TXN000753,CUST119,Customer_143,Bill Payment,714.06,NGN,Web Portal,2026-03-07 03:00:00,Successful
TXN000754,CUST112,Customer_101,Deposit,888.35,NGN,ATM,2026-03-19 15:00:00,Failed
TXN000755,CUST127,Customer_134,Transfer,807.83,NGN,USSD,2026-03-24 01:00:00,Failed
TXN000756,CUST147,Customer_141,Bill Payment,1281.93,USD,Web Portal,2026-02-13 13:00:00,Successful
TXN000757,CUST128,Customer_133,Withdrawal,79.0,EUR,POS Terminal,2026-05-14 12:00:00,Pending
TXN000758,CUST112,Customer_129,Withdrawal,1250.81,USD,POS Terminal,2026-04-10 21:00:00,Failed
TXN000759,CUST145,Customer_112,Transfer,1266.67,NGN,Mobile App,2026-01-18 11:00:00,Failed
TXN000760,CUST134,Customer_112,Transfer,,NGN,USSD,2026-06-29 21:00:00,Pending
TXN000761,CUST105,Customer_117,Bill Payment,696.96,NGN,Web Portal,2026-04-27 18:00:00,Successful
TXN000762,CUST117,Customer_131,Withdrawal,660.62,USD,ATM,2026-03-12 15:00:00,Failed
TXN000763,CUST104,Customer_131,Withdrawal,331.67,NGN,POS Terminal,2026-01-19 05:00:00,Successful
TXN000764,CUST146,Customer_134,Withdrawal,598.21,USD,Web Portal,2026-03-25 20:00:00,Failed
TXN000765,CUST124,Customer_138,Withdrawal,71.36,NGN,USSD,2026-04-17 04:00:00,Successful
TXN000766,CUST101,Customer_145,Withdrawal,420.34,NGN,Mobile App,2026-02-17 06:00:00,Successful
TXN000767,CUST109,Customer_128,Deposit,1225.94,NGN,POS Terminal,2026-03-10 10:00:00,Successful
TXN000768,CUST129,Customer_148,Transfer,430.42,NGN,Web Portal,2026-05-23 02:00:00,Successful
TXN000769,CUST149,Customer_128,Deposit,1228.22,NGN,Web Portal,2026-05-02 04:00:00,Successful
TXN000770,CUST144,Customer_143,Withdrawal,799.74,NGN,Web Portal,2026-01-23 20:00:00,Pending
TXN000771,CUST104,Customer_115,Bill Payment,1320.39,NGN,USSD,2026-02-06 08:00:00,Successful
TXN000772,CUST132,Customer_143,Bill Payment,864.3,NGN,USSD,2026-01-15 02:00:00,Successful
TXN000773,CUST100,Customer_146,Withdrawal,49.35,NGN,USSD,2026-04-03 05:00:00,Pending
TXN000774,CUST117,Customer_109,Withdrawal,1014.75,NGN,ATM,2026-01-17 20:00:00,Failed
TXN000775,CUST131,Customer_129,Bill Payment,72.06,NGN,Web Portal,2026-03-13 20:00:00,Pending
TXN000776,CUST146,Customer_124,Deposit,678.64,NGN,POS Terminal,2026-05-01 10:00:00,Pending
TXN000777,CUST148,Customer_138,Deposit,1394.49,NGN,USSD,2026-06-15 07:00:00,Failed
TXN000778,CUST110,Customer_119,Withdrawal,251.98,NGN,USSD,2026-04-16 23:00:00,Failed
TXN000779,CUST120,Customer_104,Deposit,587.86,NGN,Web Portal,2026-05-05 02:00:00,Failed
TXN000780,CUST125,Customer_100,Bill Payment,1096.14,NGN,USSD,2026-04-29 13:00:00,Failed
TXN000781,CUST124,Customer_129,Deposit,1323.98,NGN,ATM,2026-01-14 09:00:00,Failed
TXN000782,CUST121,Customer_148,Withdrawal,1008.06,NGN,ATM,2026-05-20 05:00:00,Pending
TXN000783,CUST126,Customer_102,Bill Payment,390.97,EUR,USSD,2026-04-18 22:00:00,Successful
TXN000784,CUST148,Customer_144,Deposit,1013.54,NGN,Web Portal,2026-02-03 08:00:00,Successful
TXN000785,CUST112,Customer_113,Transfer,448.61,NGN,Web Portal,2026-01-10 16:00:00,Successful
TXN000786,CUST132,Customer_129,Bill Payment,1079.05,NGN,Web Portal,2026-05-25 02:00:00,Successful
TXN000787,CUST133,Customer_149,Bill Payment,1431.28,EUR,Mobile App,2026-04-25 00:00:00,Successful
TXN000788,CUST140,Customer_103,Transfer,1083.48,NGN,USSD,2026-01-12 06:00:00,Pending
TXN000789,CUST134,Customer_117,Transfer,1295.01,NGN,Web Portal,2026-01-04 09:00:00,Failed
TXN000790,CUST100,Customer_136,Bill Payment,8.15,USD,ATM,2026-05-21 01:00:00,Failed
TXN000791,CUST120,Customer_124,Transfer,1077.77,NGN,POS Terminal,2026-04-16 20:00:00,Pending
TXN000792,CUST147,Customer_147,Withdrawal,1245.23,USD,POS Terminal,2026-05-01 03:00:00,Successful
TXN000793,CUST105,Customer_100,Withdrawal,65.64,NGN,Web Portal,2026-03-23 04:00:00,Pending
TXN000794,CUST127,Customer_145,Withdrawal,1308.04,EUR,POS Terminal,2026-01-19 01:00:00,Successful
TXN000795,CUST116,Customer_114,Bill Payment,388.76,NGN,POS Terminal,2026-01-12 16:00:00,Failed
TXN000796,CUST104,Customer_108,Transfer,999.61,NGN,Mobile App,2026-03-15 01:00:00,Successful
TXN000797,CUST130,Customer_114,Transfer,1201.53,NGN,ATM,2026-01-06 07:00:00,Successful
TXN000798,CUST104,Customer_148,Deposit,995.68,NGN,ATM,2026-05-05 18:00:00,Successful
TXN000799,CUST137,Customer_123,Deposit,142.97,NGN,Mobile App,2026-01-11 11:00:00,Pending
TXN000800,CUST102,Customer_103,Transfer,896.5,USD,Mobile App,2026-03-14 01:00:00,Successful
TXN000801,CUST122,Customer_111,Transfer,826.63,USD,POS Terminal,2026-01-08 10:00:00,Failed
TXN000802,CUST136,Customer_136,Transfer,1350.98,NGN,USSD,2026-05-04 20:00:00,Successful
TXN000803,CUST136,Customer_136,Bill Payment,609.34,USD,POS Terminal,2026-01-10 20:00:00,Successful
TXN000804,CUST109,Customer_142,Transfer,485.02,NGN,Mobile App,2026-04-22 07:00:00,Successful
TXN000805,CUST109,Customer_105,Deposit,1126.03,NGN,ATM,2026-02-05 09:00:00,Successful
TXN000806,CUST118,Customer_138,Bill Payment,621.95,NGN,POS Terminal,2026-01-14 15:00:00,Successful
TXN000807,CUST116,Customer_145,Transfer,970.91,NGN,USSD,2026-03-27 20:00:00,Successful
TXN000808,CUST120,Customer_123,Deposit,971.44,NGN,POS Terminal,2026-02-19 06:00:00,Failed
TXN000809,CUST113,Customer_110,Bill Payment,1332.62,NGN,Web Portal,2026-01-20 23:00:00,Successful
TXN000810,CUST108,Customer_112,Transfer,900.05,EUR,POS Terminal,2026-03-28 06:00:00,Successful
TXN000811,CUST145,Customer_133,Transfer,755.72,NGN,Mobile App,2026-05-17 00:00:00,Successful
TXN000812,CUST100,Customer_124,Transfer,212.61,USD,ATM,2026-06-03 05:00:00,Successful
TXN000813,CUST144,Customer_106,Bill Payment,178.03,NGN,ATM,2026-02-07 21:00:00,Successful
TXN000814,CUST112,Customer_103,Deposit,235.71,NGN,Mobile App,2026-02-13 21:00:00,Pending
TXN000815,CUST103,Customer_107,Deposit,261.91,NGN,Web Portal,2026-02-13 09:00:00,Successful
TXN000816,CUST100,Customer_119,Withdrawal,958.63,USD,Mobile App,2026-04-29 05:00:00,Failed
TXN000817,CUST148,Customer_128,Transfer,1112.77,NGN,POS Terminal,2026-05-25 18:00:00,Failed
TXN000818,CUST139,Customer_144,Withdrawal,797.34,NGN,Mobile App,2026-02-07 23:00:00,Pending
TXN000819,CUST131,Customer_145,Withdrawal,1244.38,NGN,Mobile App,2026-02-20 09:00:00,Failed
TXN000820,CUST133,Customer_109,Deposit,1486.94,NGN,Web Portal,2026-04-30 07:00:00,Successful
TXN000821,CUST127,Customer_142,Bill Payment,1230.92,NGN,POS Terminal,2026-05-29 23:00:00,Pending
TXN000822,CUST130,Customer_133,Bill Payment,1043.85,NGN,USSD,2026-03-11 20:00:00,Successful
TXN000823,CUST107,Customer_125,Deposit,801.08,NGN,USSD,2026-02-26 06:00:00,Successful
TXN000824,CUST138,Customer_140,Bill Payment,676.04,NGN,ATM,2026-02-02 17:00:00,Successful
TXN000825,CUST125,Customer_148,Withdrawal,131.17,NGN,Mobile App,2026-02-26 19:00:00,Successful
TXN000826,CUST133,Customer_102,Transfer,602.06,NGN,ATM,2026-04-06 11:00:00,Successful
TXN000827,CUST102,Customer_105,Deposit,1365.65,NGN,Web Portal,2026-02-17 09:00:00,Successful
TXN000828,CUST149,Customer_104,Transfer,1212.99,NGN,USSD,2026-01-27 09:00:00,Pending
TXN000829,CUST111,Customer_104,Bill Payment,328.0,USD,Mobile App,2026-04-20 19:00:00,Pending
TXN000830,CUST100,Customer_146,Transfer,702.58,NGN,Web Portal,2026-06-19 09:00:00,Successful
TXN000831,CUST143,Customer_122,Bill Payment,1226.0,NGN,Web Portal,2026-01-26 10:00:00,Successful
TXN000832,CUST104,Customer_148,Bill Payment,105.74,NGN,Mobile App,2026-01-23 01:00:00,Successful
TXN000833,CUST129,Customer_108,Withdrawal,584.15,NGN,Web Portal,2026-02-26 19:00:00,Successful
TXN000834,CUST129,Customer_134,Bill Payment,1278.5,NGN,Mobile App,2026-05-06 22:00:00,Failed
TXN000835,CUST116,Customer_119,Withdrawal,608.83,NGN,Mobile App,2026-01-31 06:00:00,Failed
TXN000836,CUST147,Customer_148,Withdrawal,121.03,NGN,POS Terminal,2026-02-02 20:00:00,Successful
TXN000837,CUST146,Customer_141,Withdrawal,816.09,USD,ATM,2026-01-02 17:00:00,Successful
TXN000838,CUST122,Customer_134,Deposit,1293.31,NGN,Web Portal,2026-06-24 00:00:00,Successful
TXN000839,CUST114,Customer_149,Deposit,887.48,NGN,Web Portal,2026-03-25 02:00:00,Pending
TXN000840,CUST136,Customer_117,Bill Payment,343.29,NGN,POS Terminal,2026-06-28 17:00:00,Pending
TXN000841,,Customer_116,Withdrawal,579.44,NGN,POS Terminal,2026-05-26 13:00:00,Successful
TXN000842,CUST113,Customer_123,Deposit,677.93,NGN,POS Terminal,2026-03-29 07:00:00,Successful
TXN000843,CUST101,Customer_102,Withdrawal,871.0,NGN,USSD,2026-05-05 11:00:00,Successful
TXN000844,CUST110,Customer_131,Transfer,1140.23,NGN,USSD,2026-02-22 09:00:00,Pending
TXN000845,CUST138,Customer_134,Transfer,152.82,NGN,USSD,2026-03-28 19:00:00,Pending
TXN000846,CUST137,Customer_137,Transfer,1335.03,NGN,Mobile App,2026-06-26 10:00:00,Failed
TXN000847,CUST133,Customer_112,Bill Payment,23.4,NGN,Web Portal,2026-06-13 00:00:00,Successful
TXN000848,CUST137,Customer_146,Withdrawal,558.23,NGN,ATM,2026-06-24 12:00:00,Successful
TXN000849,CUST149,Customer_124,Transfer,45.99,NGN,Mobile App,2026-02-09 03:00:00,Successful
TXN000850,CUST133,Customer_108,Deposit,592.5,EUR,Web Portal,2026-02-11 18:00:00,Successful
